PREFIJO;LOCALIDAD;PROVINCIA;DEPARTAMENTO
11;AMBA;BUENOS AIRES;
11;CIUDAD AUTONOMA DE BUENOS AIRES;CIUDAD AUTONOMA DE BUENOS AIRES;
220;GENERAL LAS HERAS;BUENOS AIRES;GENERAL LAS HERAS
220;LIBERTAD;BUENOS AIRES;
220;MARCOS PAZ;BUENOS AIRES;MARCOS PAZ
220;MARIANO ACOSTA;BUENOS AIRES;
220;MERLO;BUENOS AIRES;MERLO
220;PLOMMER;BUENOS AIRES;GENERAL LAS HERAS
220;PONTEVEDRA;BUENOS AIRES;
220;VILLARS;BUENOS AIRES;MARCOS PAZ
2202;GONZALEZ CATAN;BUENOS AIRES;
2202;VIRREY DEL PINO;BUENOS AIRES;
221;ABASTO;BUENOS AIRES;
221;BARRIO PARQUE SICARDI;BUENOS AIRES;
221;BARTOLOME BAVIO;BUENOS AIRES;MAGDALENA
221;LA PLATA;BUENOS AIRES;LA PLATA
221;LISANDRO OLMOS;BUENOS AIRES;
221;OLIDEN;BUENOS AIRES;BRANDSEN
221;POBLET;BUENOS AIRES;
2221;ATALAYA;BUENOS AIRES;MAGDALENA
2221;JOSE FERRARI;BUENOS AIRES;
2221;MAGDALENA;BUENOS AIRES;MAGDALENA
2221;PIPINAS;BUENOS AIRES;PUNTA INDIO
2221;PUNTA INDIO;BUENOS AIRES;PUNTA INDIO
2221;VERONICA;BUENOS AIRES;PUNTA INDIO
2221;VIEYTES;BUENOS AIRES;MAGDALENA
2223;ALTAMIRANO;BUENOS AIRES;BRANDSEN
2223;CORONEL BRANDSEN;BUENOS AIRES;BRANDSEN
2223;ESTACION GOMEZ;BUENOS AIRES;
2223;JEPPENER;BUENOS AIRES;BRANDSEN
2223;LOMA VERDE;BUENOS AIRES;GENERAL PAZ
2224;GLEW;BUENOS AIRES;
2224;GUERNICA;BUENOS AIRES;PRESIDENTE PERON
2225;ALEJANDRO KORN;BUENOS AIRES;
2225;DOMSELAAR;BUENOS AIRES;SAN VICENTE
2225;LA CAPILLA;BUENOS AIRES;
2225;SAN VICENTE;BUENOS AIRES;SAN VICENTE
2226;ALEJANDRO PETION;BUENOS AIRES;CANUELAS
2226;BARRIO SAN ESTEBAN;BUENOS AIRES;CANUELAS
2226;CAÑUELAS;BUENOS AIRES;CANUELAS
2226;PARAJE EL TALADRO;BUENOS AIRES;
2226;URIBELARREA;BUENOS AIRES;CANUELAS
2227;ANTONIO CARBONI;BUENOS AIRES;LOBOS
2227;CARLOS BEGUERIE;BUENOS AIRES;ROQUE PEREZ
2227;LOBOS;BUENOS AIRES;LOBOS
2227;ROQUE PEREZ;BUENOS AIRES;ROQUE PEREZ
2227;SALVADOR MARIA;BUENOS AIRES;LOBOS
2229;EL PATO;BUENOS AIRES;
2229;JUAN MARIA GUTIERREZ;BUENOS AIRES;
223;BARRIO EL CASAL;BUENOS AIRES;
223;BARRIO LA ARMONIA;BUENOS AIRES;MAR CHIQUITA
223;BARRIO PARQUE PEÑA;BUENOS AIRES;
223;BARRIO SAN EDUARDO;BUENOS AIRES;
223;BATAN;BUENOS AIRES;
223;COLONIA BARRAGAN;BUENOS AIRES;
223;EL FARO;BUENOS AIRES;
223;ESTACION CAMET;BUENOS AIRES;
223;LA BRAVA;BUENOS AIRES;BALCARCE
223;LAS DOS MARIAS;BUENOS AIRES;
223;LOS ORTIZ;BUENOS AIRES;
223;MAR CHIQUITA;BUENOS AIRES;MAR CHIQUITA
223;MAR DEL PLATA;BUENOS AIRES;GENERAL PUEYRREDON
223;PLAYA CHAPADMALAL;BUENOS AIRES;GENERAL PUEYRREDON
223;SANTA CELINA;BUENOS AIRES;
223;SANTA CLARA DEL MAR;BUENOS AIRES;MAR CHIQUITA
223;SIERRA DE LOS PADRES;BUENOS AIRES;GENERAL PUEYRREDON
2241;CHASCOMUS;BUENOS AIRES;CHASCOMUS
2241;LA POSADA;BUENOS AIRES;
2241;RANCHOS;BUENOS AIRES;GENERAL PAZ
2242;LEZAMA;BUENOS AIRES;LEZAMA
2242;PILA;BUENOS AIRES;PILA
2243;GENERAL BELGRANO;BUENOS AIRES;GENERAL BELGRANO
2243;VILLANUEVA;BUENOS AIRES;GENERAL PAZ
2244;LAS FLORES;BUENOS AIRES;LAS FLORES
2245;CASTELLI;BUENOS AIRES;CASTELLI
2245;DOLORES;BUENOS AIRES;DOLORES
2245;GENERAL CONESA;BUENOS AIRES;TORDILLO
2245;SEVIGNE;BUENOS AIRES;DOLORES
2246;SANTA TERESITA;BUENOS AIRES;
2252;GENERAL LAVALLE;BUENOS AIRES;GENERAL LAVALLE
2252;SAN CLEMENTE DEL TUYU;BUENOS AIRES;LA COSTA
2254;CARILO;BUENOS AIRES;
2254;PINAMAR;BUENOS AIRES;PINAMAR
2255;VILLA GESELL;BUENOS AIRES;VILLA GESELL
2257;MAR DE AJO;BUENOS AIRES;LA COSTA
2257;SAN BERNARDO;BUENOS AIRES;PEHUAJO
2261;LOBERIA;BUENOS AIRES;LOBERIA
2261;NAPALEOFU;BUENOS AIRES;BALCARCE
2261;SAN MANUEL;BUENOS AIRES;LOBERIA
2262;NECOCHEA;BUENOS AIRES;NECOCHEA
2262;PIERES;BUENOS AIRES;LOBERIA
2264;CLARAZ;BUENOS AIRES;NECOCHEA
2264;JUAN N. FERNANDEZ;BUENOS AIRES;
2264;LA DULCE;BUENOS AIRES;NECOCHEA
2264;RAMON SANTAMARINA;BUENOS AIRES;NECOCHEA
2265;CORONEL VIDAL;BUENOS AIRES;MAR CHIQUITA
2265;GENERAL PIRAN;BUENOS AIRES;MAR CHIQUITA
2265;VIVORATA;BUENOS AIRES;MAR CHIQUITA
2266;BALCARCE;BUENOS AIRES;BALCARCE
2266;LAS PIEDRITAS;BUENOS AIRES;GENERAL VILLEGAS
2266;LOS PINOS;BUENOS AIRES;BALCARCE
2266;MECHONGUE;BUENOS AIRES;GENERAL ALVARADO
2266;SAN AGUSTIN;BUENOS AIRES;BALCARCE
2267;GENERAL MADARIAGA;BUENOS AIRES;GENERAL JUAN MADARIAGA
2268;GENERAL GUIDO;BUENOS AIRES;GENERAL GUIDO
2268;LABARDEN;BUENOS AIRES;GENERAL GUIDO
2268;LAS ARMAS;BUENOS AIRES;MAIPU
2268;MAIPU;BUENOS AIRES;MAIPU
2268;SANTO DOMINGO;BUENOS AIRES;MAIPU
2271;ABBOTT;BUENOS AIRES;MONTE
2271;GORCHS;BUENOS AIRES;GENERAL BELGRANO
2271;MONTE;BUENOS AIRES;
2272;LAS MARIANAS;BUENOS AIRES;NAVARRO
2272;NAVARRO;BUENOS AIRES;NAVARRO
2272;VILLA MOLL;BUENOS AIRES;NAVARRO
2273;CARMEN DE ARECO;BUENOS AIRES;CARMEN DE ARECO
2273;TRES SARGENTOS;BUENOS AIRES;CARMEN DE ARECO
2274;CARLOS SPEGAZZINI;BUENOS AIRES;
2281;AZUL;BUENOS AIRES;AZUL
2281;CACHARI;BUENOS AIRES;AZUL
2281;CHILLAR;BUENOS AIRES;AZUL
2283;TAPALQUE;BUENOS AIRES;TAPALQUE
2284;HINOJO;BUENOS AIRES;OLAVARRIA
2284;OLAVARRIA;BUENOS AIRES;RIVADAVIA
2284;SIERRAS BAYAS;BUENOS AIRES;OLAVARRIA
2284;VILLA FORTABAT;BUENOS AIRES;
2285;LAPRIDA;BUENOS AIRES;LAPRIDA
2286;GENERAL LAMADRID;BUENOS AIRES;GENERAL LA MADRID
2286;LA COLINA;BUENOS AIRES;GENERAL LA MADRID
2286;LAS MARTINETAS;BUENOS AIRES;GENERAL LA MADRID
2286;LIBANO;BUENOS AIRES;GENERAL LA MADRID
2286;SAN JORGE;BUENOS AIRES;LAPRIDA
2291;COMANDANTE N. OTAMENDI;BUENOS AIRES;GENERAL ALVARADO
2291;MAR DEL SUR;BUENOS AIRES;GENERAL ALVARADO
2291;MIRAMAR;BUENOS AIRES;GENERAL ALVARADO
2291;SAN EDUARDO DEL MAR;BUENOS AIRES;
2292;BENITO JUAREZ;BUENOS AIRES;BENITO JUAREZ
2292;VILLA CACIQUE;BUENOS AIRES;BENITO JUAREZ
2296;AYACUCHO;BUENOS AIRES;AYACUCHO
2297;RAUCH;BUENOS AIRES;RAUCH
230;DERQUI;BUENOS AIRES;
230;FATIMA;BUENOS AIRES;
230;LA LONJA;BUENOS AIRES;
230;LOS CARDALES;BUENOS AIRES;EXALTACION DE LA CRUZ
230;PARQUE INDUSTRIAL PILAR;BUENOS AIRES;
230;PILAR;BUENOS AIRES;PILAR
230;VILLA ROSA;BUENOS AIRES;
2302;AGUSTONI;LA PAMPA;MARACO
2302;ALTA ITALIA;LA PAMPA;REALICO
2302;BERNARDO LARROUDE;LA PAMPA;CHAPALEUFU
2302;CEBALLOS;LA PAMPA;CHAPALEUFU
2302;DORILA;LA PAMPA;MARACO
2302;GENERAL PICO;LA PAMPA;MARACO
2302;GONZALEZ MORENO;LA PAMPA;
2302;INTENDENTE ALVEAR;LA PAMPA;CHAPALEUFU
2302;METILEO;LA PAMPA;TRENEL
2302;SPELUZZI;LA PAMPA;MARACO
2302;TREBOLARES;LA PAMPA;MARACO
2302;TRENEL;LA PAMPA;TRENEL
2302;VERTIZ;LA PAMPA;CHAPALEUFU
2314;BOLIVAR;BUENOS AIRES;BOLIVAR
2314;ESPIGAS;BUENOS AIRES;OLAVARRIA
2314;HALE;BUENOS AIRES;BOLIVAR
2314;HENDERSON;BUENOS AIRES;HIPOLITO YRIGOYEN
2314;PIROVANO;BUENOS AIRES;BOLIVAR
2314;RECALDE;BUENOS AIRES;OLAVARRIA
2314;URDAMPILLETA;BUENOS AIRES;BOLIVAR
2316;ARBOLEDAS;BUENOS AIRES;DAIREAUX
2316;DAIREAUX;BUENOS AIRES;DAIREAUX
2317;12 DE OCTUBRE;BUENOS AIRES;NUEVE DE JULIO
2317;9 DE JULIO;BUENOS AIRES;NUEVE DE JULIO
2317;CARLOS MARIA NAON;BUENOS AIRES;NUEVE DE JULIO
2317;DENNEHY;BUENOS AIRES;NUEVE DE JULIO
2317;DUDIGNAC;BUENOS AIRES;NUEVE DE JULIO
2317;FRENCH;BUENOS AIRES;NUEVE DE JULIO
2317;LA NIÑA;BUENOS AIRES;NUEVE DE JULIO
2317;MOREA;BUENOS AIRES;NUEVE DE JULIO
2317;NORUMBEGA;BUENOS AIRES;NUEVE DE JULIO
2317;PATRICIOS;BUENOS AIRES;NUEVE DE JULIO
2317;QUIROGA;BUENOS AIRES;NUEVE DE JULIO
2317;TROPEZON;BUENOS AIRES;
2320;DEL VISO;BUENOS AIRES;
2320;GRAND BOURG;BUENOS AIRES;
2320;JOSE C. PAZ;BUENOS AIRES;JOSE C. PAZ
2320;TORTUGUITAS;BUENOS AIRES;
2323;BRAHMA;BUENOS AIRES;
2323;CAPILLA DEL SEÑOR;BUENOS AIRES;EXALTACION DE LA CRUZ
2323;CARLOS KEEN;BUENOS AIRES;LUJAN
2323;FLANDRIA;BUENOS AIRES;
2323;LUJAN;BUENOS AIRES;LUJAN
2323;OLIVERA;BUENOS AIRES;LUJAN
2323;OPEN DOOR;BUENOS AIRES;
2323;PARADA ROBLES;BUENOS AIRES;
2323;TORRES;BUENOS AIRES;LUJAN
2323;VILLA RUIZ;BUENOS AIRES;SAN ANDRES DE GILES
2324;CASTILLA;BUENOS AIRES;CHACABUCO
2324;GENERAL RIVAS;BUENOS AIRES;SUIPACHA
2324;MERCEDES;BUENOS AIRES;MERCEDES
2324;SUIPACHA;BUENOS AIRES;SUIPACHA
2325;AZCUENAGA;BUENOS AIRES;SAN ANDRES DE GILES
2325;CUCULLU;BUENOS AIRES;SAN ANDRES DE GILES
2325;SAN ANDRES DE GILES;BUENOS AIRES;SAN ANDRES DE GILES
2326;DUGGAN;BUENOS AIRES;SAN ANTONIO DE ARECO
2326;SAN ANTONIO DE ARECO;BUENOS AIRES;SAN ANTONIO DE ARECO
2326;SOLIS;BUENOS AIRES;SAN ANDRES DE GILES
2326;VILLA LIA;BUENOS AIRES;SAN ANTONIO DE ARECO
2331;ADOLFO VAN PRAET;LA PAMPA;REALICO
2331;CORONEL HILARIO LAGOS;LA PAMPA;CHAPALEUFU
2331;CHAMAICO;LA PAMPA;
2331;DAMIAN MAISONAVE;LA PAMPA;REALICO
2331;FALUCHO;LA PAMPA;REALICO
2331;PARERA;LA PAMPA;RANCUL
2331;QUETREQUEN;LA PAMPA;RANCUL
2331;RANCUL;LA PAMPA;RANCUL
2331;REALICO;LA PAMPA;REALICO
2333;COLONIA BARON;LA PAMPA;QUEMU QUEMU
2333;MAURICIO MAYER;LA PAMPA;CONHELO
2333;MIGUEL CANE;LA PAMPA;QUEMU QUEMU
2333;QUEMU QUEMU;LA PAMPA;QUEMU QUEMU
2333;VILLA MIRASOL;LA PAMPA;QUEMU QUEMU
2333;WINIFREDA;LA PAMPA;CONHELO
2334;CONHELLO;LA PAMPA;CONHELO
2334;EDUARDO CASTEX;LA PAMPA;CONHELO
2334;MONTE NIEVAS;LA PAMPA;CONHELO
2335;ARATA;LA PAMPA;TRENEL
2335;CALEUFU;LA PAMPA;RANCUL
2335;EMBAJADOR MARTINI;LA PAMPA;REALICO
2335;INGENIERO LUIGGI;LA PAMPA;REALICO
2335;LA MARUJA;LA PAMPA;RANCUL
2335;PARAJE LOS HORNOS;LA PAMPA;
2335;PICHI HUINCA;LA PAMPA;RANCUL
2336;HUINCA RENANCO;CORDOBA;GENERAL ROCA
2336;PINCEN;CORDOBA;GENERAL ROCA
2336;VILLA HUIDOBRO;CORDOBA;GENERAL ROCA
2337;AMERICA;BUENOS AIRES;RIVADAVIA
2337;FORTIN OLAVARRIA;BUENOS AIRES;RIVADAVIA
2337;ROOSEVELT;BUENOS AIRES;RIVADAVIA
2337;SANSINENA;BUENOS AIRES;RIVADAVIA
2338;ALGARROBO DEL AGUILA;LA PAMPA;CHICAL CO
2338;CARRO QUEMADO;LA PAMPA;LOVENTUE
2338;EL DURAZNO;LA PAMPA;
2338;JAGUEL DEL MONTE;LA PAMPA;
2338;LA HUMADA;LA PAMPA;CHICAL CO
2338;LA REFORMA;LA PAMPA;LIMAY MAHUIDA
2338;LUAN TORO;LA PAMPA;LOVENTUE
2338;PUELEN;LA PAMPA;PUELEN
2338;SANTA ISABEL;LA PAMPA;CHALILEO
2338;TELEN;LA PAMPA;LOVENTUE
2338;VICTORICA;LA PAMPA;LOVENTUE
2342;BRAGADO;BUENOS AIRES;BRAGADO
2342;COMODORO PY;BUENOS AIRES;BRAGADO
2342;MECHITA;BUENOS AIRES;ALBERTI
2342;O' BRIEN;BUENOS AIRES;
2342;WARNES;BUENOS AIRES;BRAGADO
2343;ELVIRA;BUENOS AIRES;LOBOS
2343;ERNESTINA;BUENOS AIRES;VEINTICINCO DE MAYO
2343;NORBERTO DE LA RIESTRA;BUENOS AIRES;VEINTICINCO DE MAYO
2343;PEDERNALES;BUENOS AIRES;VEINTICINCO DE MAYO
2344;ALVAREZ DE TOLEDO;BUENOS AIRES;SALADILLO
2344;CAZON;BUENOS AIRES;SALADILLO
2344;DEL CARRIL;BUENOS AIRES;SALADILLO
2344;GENERAL ALVEAR;BUENOS AIRES;GENERAL ALVEAR
2344;POLVAREDAS;BUENOS AIRES;SALADILLO
2344;SALADILLO;BUENOS AIRES;SALADILLO
2345;25 DE MAYO;BUENOS AIRES;VEINTICINCO DE MAYO
2345;MOSCONI;BUENOS AIRES;VEINTICINCO DE MAYO
2345;PUEBLO DEL VALLE;BUENOS AIRES;VEINTICINCO DE MAYO
2345;SAN ENRIQUE;BUENOS AIRES;VEINTICINCO DE MAYO
2345;VALDES;BUENOS AIRES;VEINTICINCO DE MAYO
2346;ALBERTI;BUENOS AIRES;ALBERTI
2346;BENITEZ;BUENOS AIRES;CHIVILCOY
2346;CORONEL MOM;BUENOS AIRES;ALBERTI
2346;CHIVILCOY;BUENOS AIRES;CHIVILCOY
2346;GOBERNADOR UGARTE;BUENOS AIRES;VEINTICINCO DE MAYO
2346;GOROSTIAGA;BUENOS AIRES;CHIVILCOY
2346;LA RICA;BUENOS AIRES;CHIVILCOY
2346;MOQUEHUA;BUENOS AIRES;CHIVILCOY
2346;PALEMON HUERGO;BUENOS AIRES;CHIVILCOY
2346;PLA;BUENOS AIRES;ALBERTI
2346;RAMON BIAUS;BUENOS AIRES;CHIVILCOY
2346;SAN SEBASTIAN;BUENOS AIRES;CHIVILCOY
2352;CUCHA CUCHA;BUENOS AIRES;
2352;CHACABUCO;BUENOS AIRES;CHACABUCO
2352;IRALA;BUENOS AIRES;BRAGADO
2352;RAWSON;BUENOS AIRES;CHACABUCO
2353;ARRIBEÑOS;BUENOS AIRES;GENERAL ARENALES
2353;ASCENCION;BUENOS AIRES;GENERAL ARENALES
2353;FERRE;BUENOS AIRES;
2353;FORTIN TIBURCIO;BUENOS AIRES;JUNIN
2353;GENERAL ARENALES;BUENOS AIRES;GENERAL ARENALES
2353;LA ANGELITA;BUENOS AIRES;GENERAL ARENALES
2354;EL DORADO;BUENOS AIRES;LEANDRO N. ALEM
2354;IRIARTE;BUENOS AIRES;GENERAL PINTO
2354;JUAN B. ALBERDI;BUENOS AIRES;
2354;VEDIA;BUENOS AIRES;LEANDRO N. ALEM
2355;ARENAZA;BUENOS AIRES;LINCOLN
2355;BAYAUCA;BUENOS AIRES;LINCOLN
2355;EL TRIUNFO;BUENOS AIRES;LINCOLN
2355;LAS TOSCAS;BUENOS AIRES;LINCOLN
2355;LINCOLN;BUENOS AIRES;LINCOLN
2355;MARTINEZ DE HOZ;BUENOS AIRES;LINCOLN
2355;PASTEUR;BUENOS AIRES;LINCOLN
2355;ROBERTS;BUENOS AIRES;LINCOLN
2356;CORONEL GRANADA;BUENOS AIRES;GENERAL PINTO
2356;GENERAL PINTO;BUENOS AIRES;GENERAL PINTO
2356;GERMANIA;BUENOS AIRES;GENERAL PINTO
2357;CARLOS SALAS;BUENOS AIRES;LINCOLN
2357;CARLOS TEJEDOR;BUENOS AIRES;CARLOS TEJEDOR
2357;COLONIA SERE;BUENOS AIRES;CARLOS TEJEDOR
2357;CURARU;BUENOS AIRES;CARLOS TEJEDOR
2357;TIMOTE;BUENOS AIRES;CARLOS TEJEDOR
2358;LOS TOLDOS;BUENOS AIRES;GENERAL VIAMONTE
2358;ZAVALIA;BUENOS AIRES;GENERAL VIAMONTE
236;AGUSTIN ROCA;BUENOS AIRES;JUNIN
236;AGUSTINA;BUENOS AIRES;JUNIN
236;BAIGORRITA;BUENOS AIRES;GENERAL VIAMONTE
236;JUNIN;BUENOS AIRES;JUNIN
236;LEANDRO N. ALEM;BUENOS AIRES;LEANDRO N. ALEM
236;MORSE;BUENOS AIRES;JUNIN
236;O'HIGGINS;BUENOS AIRES;CHACABUCO
236;SAFORCADA;BUENOS AIRES;JUNIN
237;BARRIO MI RINCON;BUENOS AIRES;
237;FRANCISCO ALVAREZ;BUENOS AIRES;
237;GENERAL RODRIGUEZ;BUENOS AIRES;GENERAL RODRIGUEZ
237;MORENO;BUENOS AIRES;MORENO
2392;30 DE AGOSTO;BUENOS AIRES;TRENQUE LAUQUEN
2392;BERUTTI;BUENOS AIRES;TRENQUE LAUQUEN
2392;PELLEGRINI;BUENOS AIRES;PELLEGRINI
2392;TRENQUE LAUQUEN;BUENOS AIRES;TRENQUE LAUQUEN
2393;SALAZAR;BUENOS AIRES;DAIREAUX
2394;INGENIERO THOMSON;BUENOS AIRES;TRES LOMAS
2394;QUENUMA;BUENOS AIRES;SALLIQUELO
2394;SALLIQUELO;BUENOS AIRES;SALLIQUELO
2394;TRES LOMAS;BUENOS AIRES;TRES LOMAS
2395;BELLOCQ;BUENOS AIRES;CARLOS CASARES
2395;CADRET;BUENOS AIRES;CARLOS CASARES
2395;CARLOS CASARES;BUENOS AIRES;CARLOS CASARES
2395;MAURICIO HIRSCH;BUENOS AIRES;CARLOS CASARES
2395;MOCTEZUMA;BUENOS AIRES;CARLOS CASARES
2395;SANTO TOMAS;BUENOS AIRES;CARLOS CASARES
2395;SMITH;BUENOS AIRES;CARLOS CASARES
2396;CHICLANA;BUENOS AIRES;PEHUAJO
2396;FRANCISCO MADERO;BUENOS AIRES;PEHUAJO
2396;GUANACO;BUENOS AIRES;PEHUAJO
2396;JUAN JOSE PASO;BUENOS AIRES;PEHUAJO
2396;MAGDALA;BUENOS AIRES;PEHUAJO
2396;MONES CAZON;BUENOS AIRES;PEHUAJO
2396;NUEVA PLATA;BUENOS AIRES;PEHUAJO
2396;PEHUAJO;BUENOS AIRES;PEHUAJO
2473;COLON;BUENOS AIRES;COLON
2473;EL ARBOLITO;BUENOS AIRES;COLON
2473;HUGHES;SANTA FE;GENERAL LOPEZ
2473;JUNCAL;BUENOS AIRES;
2473;WHEELWRIGHT;SANTA FE;GENERAL LOPEZ
2474;GAHAN;BUENOS AIRES;SALTO
2474;INES INDART;BUENOS AIRES;SALTO
2474;SALTO;BUENOS AIRES;SALTO
2475;CARABELAS;BUENOS AIRES;ROJAS
2475;RAFAEL OBLIGADO;BUENOS AIRES;ROJAS
2475;ROJAS;BUENOS AIRES;ROJAS
2477;ACEVEDO;BUENOS AIRES;PERGAMINO
2477;ARROYO DULCE;BUENOS AIRES;SALTO
2477;EL SOCORRO;BUENOS AIRES;PERGAMINO
2477;FONTEZUELA;BUENOS AIRES;PERGAMINO
2477;GUERRICO;BUENOS AIRES;PERGAMINO
2477;JUAN DE LA PEÑA;BUENOS AIRES;PERGAMINO
2477;M. H. ALFONZO;BUENOS AIRES;
2477;MANUEL OCAMPO;BUENOS AIRES;PERGAMINO
2477;MARIANO BENITEZ;BUENOS AIRES;PERGAMINO
2477;PEARSON;BUENOS AIRES;COLON
2477;PERGAMINO;BUENOS AIRES;PERGAMINO
2477;PINZON;BUENOS AIRES;PERGAMINO
2477;RANCAGUA;BUENOS AIRES;PERGAMINO
2477;URQUIZA;BUENOS AIRES;ZARATE
2477;GENERAL GELLY;SANTA FE;CONSTITUCION
2478;ARRECIFES;BUENOS AIRES;ARRECIFES
2478;CAPITAN SARMIENTO;BUENOS AIRES;CAPITAN SARMIENTO CARLOS
2478;ESTACION VIÑA;BUENOS AIRES;
2478;TODD;BUENOS AIRES;
249;GARDEY;BUENOS AIRES;TANDIL
249;TANDIL;BUENOS AIRES;TANDIL
249;VELA;BUENOS AIRES;
260;25 DE MAYO;MENDOZA;SAN RAFAEL
260;AGUA ESCONDIDA;MENDOZA;MALARGUE
260;BARDAS BLANCAS;MENDOZA;MALARGUE
260;CAÑADA SECA;MENDOZA;
260;COLONIA ELENA;MENDOZA;
260;EL ALAMBRADO;MENDOZA;
260;EL MANZANO;MENDOZA;TUNUYAN
260;EL NIHUIL;MENDOZA;SAN RAFAEL
260;GOUDGE;MENDOZA;SAN RAFAEL
260;LA CORTADERA;MENDOZA;
260;LA JUNTA;MENDOZA;MALARGUE
260;LA LLAVE NUEVA;MENDOZA;SAN RAFAEL
260;LA NORA;MENDOZA;
260;LAS LOICAS;MENDOZA;
260;LAS MALVINAS;MENDOZA;SAN RAFAEL
260;LOS CLAVELES;MENDOZA;
260;LOS MOLLES;MENDOZA;
260;MALARGÜE;MENDOZA;MALARGUE
260;MONTE COMAN;MENDOZA;SAN RAFAEL
260;ÑACUÑAN;MENDOZA;
260;PATA MORA;MENDOZA;
260;RANQUIL NORTE;MENDOZA;MALARGUE
260;SAN RAFAEL;MENDOZA;SAN RAFAEL
260;VALLE GRANDE;MENDOZA;
261;AGRELO;MENDOZA;LUJAN DE CUYO
261;ALTO DEL OLVIDO;MENDOZA;LAVALLE
261;BARRANCAS;MENDOZA;MAIPU
261;BLANCO ENCALADA;MENDOZA;LUJAN DE CUYO
261;COLONIA / LOTEO NEVOT;MENDOZA;
261;COLONIA ITALIA;MENDOZA;LAVALLE
261;COLONIA SAN FRANCISCO;MENDOZA;
261;COLONIA SUIZA;MENDOZA;
261;COLONIA TRES DE MAYO;MENDOZA;
261;CRUZ DE PIEDRA;MENDOZA;MAIPU
261;CHACRAS DE CORIA;MENDOZA;
261;EL CARRIZAL DE ABAJO;MENDOZA;LUJAN DE CUYO
261;EL CARRIZAL DE ARRIBA;MENDOZA;LUJAN DE CUYO
261;EL CHICAL;MENDOZA;LAVALLE
261;FRAY LUIS BELTRAN;MENDOZA;MAIPU
261;JOCOLI;MENDOZA;LAVALLE
261;JOCOLI VIEJO;MENDOZA;LAVALLE
261;LA PALMERA;MENDOZA;LAVALLE
261;LA PEGA;MENDOZA;LAVALLE
261;LAS VIOLETAS;MENDOZA;LAVALLE
261;LAVALLE;MENDOZA;
261;LOTEO CAVERO Y BARRIO LA COLMENA;MENDOZA;
261;LUJAN DE CUYO;MENDOZA;LUJAN DE CUYO
261;MAIPU;MENDOZA;MAIPU
261;MENDOZA;MENDOZA;CAPITAL
261;RODEO DE LA CRUZ;MENDOZA;
261;RODEO DEL MEDIO;MENDOZA;MAIPU
261;SAN JOSE;MENDOZA;TUPUNGATO
261;SGUAZZINI;MENDOZA;
261;TERMAS VILLAVICENCIO;MENDOZA;
261;UGARTECHE;MENDOZA;LUJAN DE CUYO
2622;COLONIA LAS ROSAS;MENDOZA;TUNUYAN
2622;CORDON DEL PLATA;MENDOZA;TUPUNGATO
2622;EL ZAMPAL;MENDOZA;TUPUNGATO
2622;EUGENIO BUSTOS;MENDOZA;SAN CARLOS
2622;LA CONSULTA;MENDOZA;SAN CARLOS
2622;LOS SAUCES;MENDOZA;TUNUYAN
2622;PAREDITAS;MENDOZA;SAN CARLOS
2622;SAN PABLO;MENDOZA;
2622;TUNUYAN;MENDOZA;TUNUYAN
2622;TUPUNGATO;MENDOZA;TUPUNGATO
2622;VISTA FLORES;MENDOZA;TUNUYAN
2622;ZAPATA;MENDOZA;
2624;CACHEUTA;MENDOZA;LUJAN DE CUYO
2624;LAS CARDITAS;MENDOZA;SANTA ROSA
2624;LAS CUEVAS;MENDOZA;LAS HERAS
2624;LAS VEGAS;MENDOZA;LUJAN DE CUYO
2624;LOS HORCONES;MENDOZA;
2624;LOS PENITENTES;MENDOZA;LAS HERAS
2624;PLAZA DE MULAS;MENDOZA;
2624;POLVAREDAS;MENDOZA;LAS HERAS
2624;POTRERILLOS;MENDOZA;LUJAN DE CUYO
2624;PUENTE DEL INCA;MENDOZA;LAS HERAS
2624;PUNTA DE VACAS;MENDOZA;LAS HERAS
2624;USPALLATA;MENDOZA;LAS HERAS
2625;BOWEN;MENDOZA;GENERAL ALVEAR
2625;CALLE LARGA;MENDOZA;
2625;CANALEJAS;MENDOZA;GENERAL ALVEAR
2625;CARMENSA;MENDOZA;GENERAL ALVEAR
2625;COCHICO;MENDOZA;
2625;GENERAL ALVEAR;MENDOZA;GENERAL ALVEAR
2625;JAIME PRATS;MENDOZA;SAN RAFAEL
2625;REAL DEL PADRE;MENDOZA;SAN RAFAEL
2625;VILLA ATUEL NORTE;MENDOZA;SAN RAFAEL
2625;VILLA ATUEL;MENDOZA;SAN RAFAEL
2626;ARROYITO;MENDOZA;
2626;DESAGUADERO;MENDOZA;LA PAZ
2626;LA PAZ;MENDOZA;LA PAZ
263;CAMPAMENTOS;MENDOZA;RIVADAVIA
263;COSTA DE ARAUJO;MENDOZA;LAVALLE
263;CHAPANAY;MENDOZA;SAN MARTIN
263;EL CARMEN;MENDOZA;LAVALLE
263;EL PLUMERO;MENDOZA;
263;ISLA GRANDE;MENDOZA;
263;JUNIN;MENDOZA;JUNIN
263;LA BAJADA;MENDOZA;
263;LA DORMIDA;MENDOZA;SANTA ROSA
263;LAS CATITAS;MENDOZA;SANTA ROSA
263;MEDRANO;MENDOZA;RIVADAVIA
263;MONTECASEROS;MENDOZA;SAN MARTIN
263;PALMIRA;MENDOZA;
263;PHILIPPS;MENDOZA;JUNIN
263;REDUCCION;MENDOZA;RIVADAVIA
263;RIVADAVIA;MENDOZA;RIVADAVIA
263;RODRIGUEZ PEÑA;MENDOZA;JUNIN
263;SAN JOSE DE TUPUNGATO;MENDOZA;TUPUNGATO
263;SAN MARTIN;MENDOZA;SAN MARTIN
263;SANTA ROSA;MENDOZA;SANTA ROSA
263;TRES PORTEÑAS;MENDOZA;SAN MARTIN
264;9 DE JULIO;SAN JUAN;NUEVE DE JULIO
264;ARROYO LOS TAPONES;SAN JUAN;
264;BALDE DE LEYES SSPLD;SAN JUAN;
264;BARRIO QUINTO CUARTEL;SAN JUAN;
264;BARRIO RUTA 40 EL CERRILLO;SAN JUAN;POCITO
264;BERMEJO;SAN JUAN;CAUCETE
264;BOCA DEL TIGRE;SAN JUAN;
264;CAÑADA HONDA;SAN JUAN;SARMIENTO
264;CARPINTERIA;SAN JUAN;POCITO
264;CAUCETE;SAN JUAN;CAUCETE
264;CIENAGUITA;SAN JUAN;SARMIENTO
264;DIVISADERO;SAN JUAN;SARMIENTO
264;DIVISORIA;SAN JUAN;CAUCETE
264;ESTACION ALBARDON;SAN JUAN;
264;ESTACION ANGACO NORTE;SAN JUAN;
264;GUANACACHE;SAN JUAN;
264;LA CHIMBERA;SAN JUAN;VEINTICINCO DE MAYO
264;LAS CASUARINAS;SAN JUAN;
264;LAS LAGUNAS;SAN JUAN;SARMIENTO
264;LOS BERROS;SAN JUAN;SARMIENTO
264;MARAYES;SAN JUAN;CAUCETE
264;PEDERNAL;SAN JUAN;SARMIENTO
264;POCITO;SAN JUAN;
264;POZO DE LOS ALGARROBOS;SAN JUAN;CAUCETE
264;PUNTA DEL AGUA;SAN JUAN;
264;PUNTA DEL MEDANO;SAN JUAN;SARMIENTO
264;PUNTA DEL MONTE;SAN JUAN;RAWSON
264;SAN JUAN;SAN JUAN;CAPITAL
264;SAN MARTIN;SAN JUAN;ALBARDON
264;TIERRITAS;SAN JUAN;
264;VILLA BASILIO NIEVAS;SAN JUAN;ZONDA
264;VILLA CARIÑO;SAN JUAN;
264;VILLA IBAÑEZ;SAN JUAN;ULLUM
264;VILLA MEDIA AGUA;SAN JUAN;SARMIENTO
264;VILLA SANTA ROSA;SAN JUAN;VEINTICINCO DE MAYO
2646;ASTICA;SAN JUAN;VALLE FERTIL
2646;BALDE DEL ROSARIO;SAN JUAN;VALLE FERTIL
2646;CHUCUMA;SAN JUAN;VALLE FERTIL
2646;ISCHIGUALASTO;SAN JUAN;
2646;LA MAJADITA;SAN JUAN;
2646;SAN AGUSTIN DEL VALLE FERTIL;SAN JUAN;
2646;USNO;SAN JUAN;VALLE FERTIL
2647;COLANGÜIL;SAN JUAN;
2647;ENTRE RIOS;SAN JUAN;JACHAL
2647;GRAN CHINA;SAN JUAN;JACHAL
2647;HUACO;SAN JUAN;JACHAL
2647;HUERTA DE HUACHI;SAN JUAN;
2647;IGLESIA;SAN JUAN;IGLESIA
2647;JACHAL;SAN JUAN;JACHAL
2647;LA CIENAGA;SAN JUAN;
2647;LAS FLORES;SAN JUAN;IGLESIA
2647;MOGNA;SAN JUAN;JACHAL
2647;NIQUIVIL;SAN JUAN;JACHAL
2647;RODEO;SAN JUAN;IGLESIA
2647;SAN ROQUE;SAN JUAN;
2647;TAMBERIAS;SAN JUAN;JACHAL
2647;TUDCUM;SAN JUAN;IGLESIA
2647;VILLA MERCEDES;SAN JUAN;JACHAL
2648;BARREAL;SAN JUAN;CALINGASTA
2648;CALINGASTA;SAN JUAN;CALINGASTA
2648;COLON;SAN JUAN;
2648;HILARIO;SAN JUAN;
2648;TAMBERIA;SAN JUAN;JACHAL
2651;CANDELARIA;SAN LUIS;AYACUCHO
2651;CAROLINA;SAN LUIS;CORONEL PRINGLES
2651;HIPOLITO YRIGOYEN;SAN LUIS;
2651;LA BOTIJA;SAN LUIS;
2651;LA CALERA;SAN LUIS;BELGRANO
2651;LA CHAÑARIENTA;SAN LUIS;
2651;LA MAJADA;SAN LUIS;AYACUCHO
2651;LUJAN;SAN LUIS;AYACUCHO
2651;PARQUE NACIONAL SIERRA DE LAS QUIJADAS;SAN LUIS;
2651;POZO DEL TALA;SAN LUIS;
2651;QUINES;SAN LUIS;AYACUCHO
2651;SAN FRANCISCO DEL MONTE DE ORO;SAN LUIS;AYACUCHO
2655;JUAN LLERENA;SAN LUIS;GENERAL PEDERNERA
2655;LA PUNILLA;SAN LUIS;GENERAL PEDERNERA
2655;LA TOMA;SAN LUIS;CORONEL PRINGLES
2655;PASO GRANDE;SAN LUIS;LIBERTADOR GENERAL SAN MARTIN
2655;SAN JOSE DEL MORRO;SAN LUIS;GENERAL PEDERNERA
2656;CARPINTERIA;SAN LUIS;JUNIN
2656;CONCARAN;SAN LUIS;CHACABUCO
2656;CORTADERAS;SAN LUIS;CHACABUCO
2656;LAFINUR;SAN LUIS;JUNIN
2656;LOS MOLLES;SAN LUIS;JUNIN
2656;MERLO;SAN LUIS;
2656;NASCHEL;SAN LUIS;CHACABUCO
2656;PAPAGALLOS;SAN LUIS;
2656;PUNTA DEL AGUA;SAN LUIS;
2656;SAN MARTIN;SAN LUIS;LIBERTADOR GENERAL SAN MARTIN
2656;SANTA ROSA DEL CONLARA;SAN LUIS;JUNIN
2656;TILISARAO;SAN LUIS;CHACABUCO
2656;VILLA DE PRAGA;SAN LUIS;LIBERTADOR GENERAL SAN MARTIN
2656;VILLA DEL CARMEN;SAN LUIS;CHACABUCO
2656;VILLA LARCA;SAN LUIS;CHACABUCO
2657;FRAGA;SAN LUIS;CORONEL PRINGLES
2657;JUAN JORBA;SAN LUIS;GENERAL PEDERNERA
2657;JUSTO DARACT;SAN LUIS;GENERAL PEDERNERA
2657;LAVAISSE;SAN LUIS;GENERAL PEDERNERA
2657;MERCEDES;SAN LUIS;GENERAL PEDERNERA
2657;RIO QUINTO;SAN LUIS;
2657;VILLA SALLES;SAN LUIS;GENERAL PEDERNERA
2658;ANCHORENA;SAN LUIS;GOBERNADOR DUPUY
2658;ARIZONA;SAN LUIS;GOBERNADOR DUPUY
2658;BAGUAL;SAN LUIS;GOBERNADOR DUPUY
2658;BATAVIA;SAN LUIS;GOBERNADOR DUPUY
2658;BUENA ESPERANZA;SAN LUIS;GOBERNADOR DUPUY
2658;FORTIN EL PATRIA;SAN LUIS;GOBERNADOR DUPUY
2658;FORTUNA;SAN LUIS;GOBERNADOR DUPUY
2658;LA MAROMA;SAN LUIS;GOBERNADOR DUPUY
2658;LA VERDE;SAN LUIS;
2658;LOS OVEROS;SAN LUIS;GOBERNADOR DUPUY
2658;MARTIN DE LOYOLA;SAN LUIS;GOBERNADOR DUPUY
2658;NAHUEL MAPA;SAN LUIS;GOBERNADOR DUPUY
2658;NAVIA;SAN LUIS;GOBERNADOR DUPUY
2658;NUEVA GALIA;SAN LUIS;GOBERNADOR DUPUY
2658;UNION;SAN LUIS;GOBERNADOR DUPUY
266;BALDE;SAN LUIS;LA CAPITAL
266;BEAZLEY;SAN LUIS;LA CAPITAL
266;CAZADOR;SAN LUIS;LA CAPITAL
266;EL DURAZNO;SAN LUIS;
266;EL TRAPICHE;SAN LUIS;CORONEL PRINGLES
266;EL VOLCAN;SAN LUIS;LA CAPITAL
266;POTRERO DE LOS FUNES;SAN LUIS;LA CAPITAL
266;SALINAS DEL BEBEDERO;SAN LUIS;LA CAPITAL
266;SAN LUIS;SAN LUIS;LA CAPITAL
266;SAN ROQUE;SAN LUIS;
266;VARELA;SAN LUIS;
266;VILLA DE LA QUEBRADA;SAN LUIS;BELGRANO
280;28 DE JULIO;CHUBUT;GAIMAN
280;BLANCUNTRE;CHUBUT;GASTRE
280;CERRO CONDOR;CHUBUT;PASO DE INDIOS
280;CHACAY OESTE;CHUBUT;
280;DIQUE FLORENTINO AMEGHINO;CHUBUT;GAIMAN
280;DOLAVON;CHUBUT;GAIMAN
280;EL ESCORIAL;CHUBUT;GASTRE
280;EL MIRASOL;CHUBUT;MARTIRES
280;GAIMAN;CHUBUT;GAIMAN
280;GAN GAN;CHUBUT;TELSEN
280;GASTRE;CHUBUT;GASTRE
280;LAGUNITA SALADA;CHUBUT;GASTRE
280;LAS PLUMAS;CHUBUT;MARTIRES
280;LOS ALTARES;CHUBUT;PASO DE INDIOS
280;PASO DE INDIOS;CHUBUT;PASO DE INDIOS
280;PLAYA UNION;CHUBUT;RAWSON
280;PUERTO MADRYN;CHUBUT;BIEDMA
280;PUERTO PIRAMIDE;CHUBUT;BIEDMA
280;RAWSON;CHUBUT;RAWSON
280;SEPAUCAL;CHUBUT;
280;TELSEN;CHUBUT;TELSEN
280;TRELEW;CHUBUT;RAWSON
280;YALA LAUBAT;CHUBUT;GASTRE
2901;LAS COTORRAS;TIERRA DEL FUEGO;
2901;TOLHUIN;TIERRA DEL FUEGO;TOLHUIN
2901;USHUAIA;TIERRA DEL FUEGO;USHUAIA
2902;28 DE NOVIEMBRE;SANTA CRUZ;GUER AIKE
2902;CANCHA CARRERA;SANTA CRUZ;
2902;EL CALAFATE;SANTA CRUZ;LAGO ARGENTINO
2902;ESPERANZA;SANTA CRUZ;GUER AIKE
2902;FUENTES DEL COYLE;SANTA CRUZ;
2902;JULIA DUFAUR;SANTA CRUZ;GUER AIKE
2902;LAGO ROCA;SANTA CRUZ;
2902;PUNTA BANDERA;SANTA CRUZ;
2902;RIO TURBIO;SANTA CRUZ;GUER AIKE
2902;ROSPENTEK;SANTA CRUZ;GUER AIKE
2902;VENTISQUERO PERITO MORENO;SANTA CRUZ;LAGO BUENOS AIRES
2903;ALDEA BELEIRO;CHUBUT;RIO SENGUER
2903;COIHAIQUE;CHUBUT;
2903;DOCTOR RICARDO ROJAS;CHUBUT;RIO SENGUER
2903;FACUNDO;CHUBUT;RIO SENGUER
2903;LAGO BLANCO;CHUBUT;RIO SENGUER
2903;LAGO FONTANA;CHUBUT;
2903;PASO HUEMULES;CHUBUT;
2903;PASTOS BLANCOS;CHUBUT;
2903;RIO MAYO;CHUBUT;RIO SENGUER
291;BAHIA BLANCA;BUENOS AIRES;BAHIA BLANCA
291;CABILDO;BUENOS AIRES;BAHIA BLANCA
291;CHASICO;BUENOS AIRES;TORNQUIST
291;MAYOR BURATOVICH;BUENOS AIRES;VILLARINO
291;NUEVA ROMA;BUENOS AIRES;
291;PARAJE SAUCE CHICO;BUENOS AIRES;
291;SALDUNGARAY;BUENOS AIRES;TORNQUIST
291;SIERRA DE LA VENTANA;BUENOS AIRES;TORNQUIST
291;TENIENTE ORIGONE;BUENOS AIRES;VILLARINO
291;TORNQUIST;BUENOS AIRES;TORNQUIST
291;VILLA VENTANA;BUENOS AIRES;TORNQUIST
2920;BAHIA SAN BLAS;RIO NEGRO;
2920;BALNEARIO EL CONDOR;RIO NEGRO;ADOLFO ALSINA
2920;GUARDIA MITRE;RIO NEGRO;ADOLFO ALSINA
2920;SAN JAVIER;RIO NEGRO;ADOLFO ALSINA
2920;STROEDER;RIO NEGRO;
2920;VIEDMA;RIO NEGRO;ADOLFO ALSINA
2921;BALNEARIO PEHUEN CO;BUENOS AIRES;CORONEL DE MARINA LEONARDO ROSALES
2921;CORONEL DORREGO;BUENOS AIRES;CORONEL DORREGO
2921;EL PERDIDO;BUENOS AIRES;CORONEL DORREGO
2921;MONTE HERMOSO;BUENOS AIRES;MONTE HERMOSO
2921;SAN ROMAN;BUENOS AIRES;CORONEL DORREGO
2922;CORONEL PRINGLES;BUENOS AIRES;CORONEL PRINGLES
2923;ARROYO CORTO;BUENOS AIRES;SAAVEDRA
2923;DUFAUR;BUENOS AIRES;SAAVEDRA
2923;ESPARTILLAR;BUENOS AIRES;SAAVEDRA
2923;GOYENA;BUENOS AIRES;SAAVEDRA
2923;PIGÜE;BUENOS AIRES;SAAVEDRA
2923;PUAN;BUENOS AIRES;PUAN
2923;SAAVEDRA;BUENOS AIRES;SAAVEDRA
2924;17 DE AGOSTO;BUENOS AIRES;PUAN
2924;BORDENAVE;BUENOS AIRES;PUAN
2924;DARREGUEIRA;BUENOS AIRES;PUAN
2924;ESTEBAN AGUSTIN GASCON;BUENOS AIRES;ADOLFO ALSINA
2924;GUATRACHE;BUENOS AIRES;
2924;SAN MIGUEL ARCANGEL;BUENOS AIRES;ADOLFO ALSINA
2924;SANTA TERESA;LA PAMPA;GUATRACHE
2925;BERNASCONI;BUENOS AIRES;
2925;FELIPE SOLA;BUENOS AIRES;PUAN
2925;GENERAL SAN MARTIN;BUENOS AIRES;GENERAL SAN MARTIN
2925;JACINTO ARAUZ;BUENOS AIRES;
2925;SAN GERMAN;BUENOS AIRES;PUAN
2925;VILLA IRIS;BUENOS AIRES;PUAN
2926;CORONEL SUAREZ;BUENOS AIRES;CORONEL SUAREZ
2926;SANTA MARIA;BUENOS AIRES;CORONEL SUAREZ
2927;ALGARROBO;BUENOS AIRES;VILLARINO
2927;ARGERICH;BUENOS AIRES;VILLARINO
2927;MEDANOS;BUENOS AIRES;VILLARINO
2928;HILARIO ASCASUBI;BUENOS AIRES;VILLARINO
2928;JUAN A. PRADERE;BUENOS AIRES;PATAGONES
2928;PEDRO LURO;BUENOS AIRES;VILLARINO
2928;VILLALONGA;BUENOS AIRES;PATAGONES
2929;BONIFACIO;BUENOS AIRES;GUAMINI
2929;CASBAS;BUENOS AIRES;GUAMINI
2929;GARRE;BUENOS AIRES;GUAMINI
2929;GUAMINI;BUENOS AIRES;GUAMINI
2931;GENERAL CONESA;RIO NEGRO;CONESA
2931;RIO COLORADO;RIO NEGRO;PICHI MAHUIDA
2932;BAJO HONDO;BUENOS AIRES;CORONEL DE MARINA LEONARDO ROSALES
2932;PUERTO BELGRANO;BUENOS AIRES;
2932;PUNTA ALTA;BUENOS AIRES;CORONEL DE MARINA LEONARDO ROSALES
2933;HUANGUELEN SUR;BUENOS AIRES;CORONEL SUAREZ
2934;ARROYO DE LA VENTANA;RIO NEGRO;
2934;ARROYO LOS BERROS;RIO NEGRO;VALCHETA
2934;BAJO DE SANTA ROSA;RIO NEGRO;
2934;BALNEARIO LAS GRUTAS;RIO NEGRO;SAN ANTONIO
2934;CONA NIYEU;RIO NEGRO;NUEVE DE JULIO
2934;MINISTRO RAMOS MEXIA;RIO NEGRO;NUEVE DE JULIO
2934;PUERTO SAN ANTONIO ESTE;RIO NEGRO;SAN ANTONIO
2934;SAN ANTONIO OESTE;RIO NEGRO;SAN ANTONIO
2934;SIERRA GRANDE;RIO NEGRO;SAN ANTONIO
2934;SIERRA PAILEMAN;RIO NEGRO;VALCHETA
2934;TRENETA;RIO NEGRO;NUEVE DE JULIO
2934;VALCHETA;RIO NEGRO;VALCHETA
2934;YAMINUE;RIO NEGRO;NUEVE DE JULIO
2935;RIVERA;BUENOS AIRES;ADOLFO ALSINA
2935;VILLA MAZA;BUENOS AIRES;ALBERTI
2936;CARHUE;BUENOS AIRES;ADOLFO ALSINA
2936;ERIZE;BUENOS AIRES;
294;CONFLUENCIA;RIO NEGRO;
294;EL BOLSON;RIO NEGRO;BARILOCHE
294;EL FOYEL;RIO NEGRO;BARILOCHE
294;EL HOYO;RIO NEGRO;
294;EL MANSO;RIO NEGRO;
294;LAGO ESPEJO;RIO NEGRO;
294;LAGO PUELO;RIO NEGRO;
294;LAS GOLONDRINAS;CHUBUT;
294;ÑORQUINCO;RIO NEGRO;NORQUINCO
294;PILCANIYEU;RIO NEGRO;PILCANIYEU
294;RIO CHICO;RIO NEGRO;NORQUINCO
294;RIO VILLEGAS;RIO NEGRO;BARILOCHE
294;SAN CARLOS DE BARILOCHE;RIO NEGRO;BARILOCHE
294;VILLA LA ANGOSTURA;RIO NEGRO;
294;VILLA MASCARDI;RIO NEGRO;BARILOCHE
294;VILLA TRAFUL;RIO NEGRO;
2940;COLAN CONHUE;RIO NEGRO;VEINTICINCO DE MAYO
2940;COMALLO;RIO NEGRO;PILCANIYEU
2940;COMICO;RIO NEGRO;NUEVE DE JULIO
2940;EL CAIN;RIO NEGRO;VEINTICINCO DE MAYO
2940;INGENIERO JACOBACCI;RIO NEGRO;VEINTICINCO DE MAYO
2940;LAGUNA BLANCA;RIO NEGRO;PILCANIYEU
2940;LOS MENUCOS;RIO NEGRO;VEINTICINCO DE MAYO
2940;MAMUEL CHOIQUE;RIO NEGRO;NORQUINCO
2940;MAQUINCHAO;RIO NEGRO;VEINTICINCO DE MAYO
2940;MENCUE;RIO NEGRO;EL CUY
2940;OJOS DE AGUA;RIO NEGRO;NORQUINCO
2940;PILQUINIYEU DEL LIMAY;RIO NEGRO;PILCANIYEU
2940;PRAHUANIYEU;RIO NEGRO;NUEVE DE JULIO
2940;SIERRA COLORADA;RIO NEGRO;NUEVE DE JULIO
2942;ALUMINE;NEUQUEN;ALUMINE
2942;BAJADA DEL AGRIO;NEUQUEN;PICUNCHES
2942;COVUNCO ABAJO;NEUQUEN;
2942;CHACAICO SUR;NEUQUEN;
2942;LAS COLORADAS;NEUQUEN;CATAN LIL
2942;LAS LAJAS;NEUQUEN;PICUNCHES
2942;LOS ALAZANES;NEUQUEN;
2942;MARIANO MORENO;NEUQUEN;ZAPALA
2942;PASO AGUERRE;NEUQUEN;PICUN LEUFU
2942;PICUN LEUFU;NEUQUEN;PICUN LEUFU
2942;PIEDRA DEL AGUILA;NEUQUEN;COLLON CURA
2942;PUENTE PICUN LEUFU;NEUQUEN;PICUN LEUFU
2942;QUILI MALAL;NEUQUEN;PICUNCHES
2942;SANTO TOMAS;NEUQUEN;COLLON CURA
2942;VILLA PEHUENIA;NEUQUEN;ALUMINE
2942;VILLA UNION;NEUQUEN;
2942;ZAPALA;NEUQUEN;ZAPALA
2945;ALDEA EPULEF;CHUBUT;LANGUINEO
2945;ALDEA ESCOLAR;CHUBUT;FUTALEUFU
2945;ALTO RIO SENGUER;CHUBUT;RIO SENGUER
2945;ARROYO RIO CHICO;CHUBUT;
2945;BUEN PASTO;CHUBUT;SARMIENTO
2945;CARRENLEUFU;CHUBUT;LANGUINEO
2945;CERRO CENTINELA;CHUBUT;FUTALEUFU
2945;COLAN CONHUE;CHUBUT;LANGUINEO
2945;CORCOVADO;CHUBUT;FUTALEUFU
2945;COSTA DEL CHUBUT;CHUBUT;CUSHAMEN
2945;CUSHAMEN;CHUBUT;CUSHAMEN
2945;CHOLILA;CHUBUT;CUSHAMEN
2945;EL MAITEN;CHUBUT;CUSHAMEN
2945;EPUYEN;CHUBUT;CUSHAMEN
2945;ESQUEL;CHUBUT;FUTALEUFU
2945;FOFO CAHUEL;CHUBUT;CUSHAMEN
2945;GOBERNADOR COSTA;CHUBUT;TEHUELCHES
2945;GUALJAINA;CHUBUT;CUSHAMEN
2945;JOSE DE SAN MARTIN;CHUBUT;TEHUELCHES
2945;LAGO RIVADAVIA;CHUBUT;CUSHAMEN
2945;LAGO ROSARIO;CHUBUT;FUTALEUFU
2945;LAGO VINTTER;CHUBUT;
2945;LAS PAMPAS;CHUBUT;
2945;LOS CIPRESES;CHUBUT;FUTALEUFU
2945;PASO DEL SAPO;CHUBUT;LANGUINEO
2945;PIEDRA PARADA;CHUBUT;
2945;RANQUIHUAU;CHUBUT;
2945;RIO PICO;CHUBUT;TEHUELCHES
2945;TECKA;CHUBUT;LANGUINEO
2945;TREVELIN;CHUBUT;FUTALEUFU
2945;VALLE EL CAJON;CHUBUT;
2945;VILLA FUTALAUFQUEN;CHUBUT;FUTALEUFU
2945;VILLA RURAL RIO BLANCO;CHUBUT;
2946;CORONEL BELISLE;RIO NEGRO;AVELLANEDA
2946;CHIMPAY;RIO NEGRO;AVELLANEDA
2946;CHOELE CHOEL;RIO NEGRO;AVELLANEDA
2946;DARWIN;RIO NEGRO;AVELLANEDA
2946;FRAY LUIS BELTRAN;RIO NEGRO;AVELLANEDA
2946;LAMARQUE;RIO NEGRO;AVELLANEDA
2946;POMONA;RIO NEGRO;AVELLANEDA
2948;AGUADA CHACAYCO;NEUQUEN;
2948;ANDACOLLO;NEUQUEN;MINAS
2948;BARRANCAS;NEUQUEN;PEHUENCHES
2948;BUTA CO;NEUQUEN;
2948;BUTA RANQUIL;NEUQUEN;PEHUENCHES
2948;BUTALON NORTE;NEUQUEN;MINAS
2948;CAEPE MALAL;NEUQUEN;
2948;CAJON DE CURILEUVU;NEUQUEN;
2948;CANCHA DE HUINGANCO;NEUQUEN;MINAS
2948;CAVIAHUE;NEUQUEN;NORQUIN
2948;CERRO WAILE;NEUQUEN;
2948;COCHICO;NEUQUEN;CHOS MALAL
2948;COLIPILLI;NEUQUEN;
2948;CURA MALLIN;NEUQUEN;
2948;CHAPUA;NEUQUEN;
2948;CHORRIACA;NEUQUEN;LONCOPUE
2948;CHOS MALAL;NEUQUEN;CHOS MALAL
2948;EL ALAMITO;NEUQUEN;CHOS MALAL
2948;EL CHOLAR;NEUQUEN;NORQUIN
2948;EL HUECU;NEUQUEN;NORQUIN
2948;HUINGANCO;NEUQUEN;MINAS
2948;LA SALADA;NEUQUEN;
2948;LAS OVEJAS;NEUQUEN;MINAS
2948;LONCOPUE;NEUQUEN;LONCOPUE
2948;LOS MENUCOS;NEUQUEN;CHOS MALAL
2948;NAUNAUCO;NEUQUEN;
2948;PARAJE HUARACO;NEUQUEN;
2948;PICHAIHUE;NEUQUEN;
2948;QUINTUCO;NEUQUEN;
2948;RANQUILON;NEUQUEN;
2948;TAQUIMILAN ABAJO;NEUQUEN;NORQUIN
2948;TRES CHORROS;NEUQUEN;
2948;TRICAO MALAL;NEUQUEN;CHOS MALAL
2952;COLONIA SANTA MARIA;LA PAMPA;UTRACAN
2952;CUCHILLO CO;LA PAMPA;LIHUEL CALEL
2952;CHACHARRAMENDI;LA PAMPA;UTRACAN
2952;GENERAL ACHA;LA PAMPA;UTRACAN
2952;PUELCHES;LA PAMPA;CURACO
2952;QUEHUE;LA PAMPA;UTRACAN
2953;ALPACHIRI;LA PAMPA;GUATRACHE
2953;DOBLAS;LA PAMPA;ATREUCO
2953;GENERAL CAMPOS;LA PAMPA;
2953;MACACHIN;LA PAMPA;ATREUCO
2953;MIGUEL RIGLOS;LA PAMPA;ATREUCO
2953;ROLON;LA PAMPA;ATREUCO
2953;TOMAS M. DE ANCHORENA;LA PAMPA;ATREUCO
2954;ANGUIL;LA PAMPA;CAPITAL
2954;ATALIVA ROCA;LA PAMPA;UTRACAN
2954;CACHIRULO;LA PAMPA;TOAY
2954;CATRILO;LA PAMPA;CATRILO
2954;LONQUIMAY;LA PAMPA;CATRILO
2954;PARQUE LURO;LA PAMPA;
2954;SANTA ROSA;LA PAMPA;CAPITAL
2954;TOAY;LA PAMPA;TOAY
2954;URIBURU;LA PAMPA;CATRILO
2962;COMANDANTE LUIS PIEDRA BUENA;SANTA CRUZ;CORPEN AIKE
2962;EL CHALTEN;SANTA CRUZ;LAGO ARGENTINO
2962;GOBERNADOR GREGORES;SANTA CRUZ;RIO CHICO
2962;HOTEL LAS HORQUETAS;SANTA CRUZ;
2962;LA CABAÑA;SANTA CRUZ;
2962;LAGO DEL DESIERTO;SANTA CRUZ;
2962;PUERTO SANTA CRUZ;SANTA CRUZ;CORPEN AIKE
2962;SAN JULIAN;SANTA CRUZ;MAGALLANES
2962;TRES LAGOS;SANTA CRUZ;LAGO ARGENTINO
2963;BAJO CARACOLES;SANTA CRUZ;RIO CHICO
2963;FUNDACION PROCORDE NAMUNCURA;SANTA CRUZ;
2963;HIPOLITO YRIGOYEN;SANTA CRUZ;RIO CHICO
2963;LOS ANTIGUOS;SANTA CRUZ;LAGO BUENOS AIRES
2963;PASO ROBALLOS;SANTA CRUZ;
2963;PERITO MORENO;SANTA CRUZ;LAGO BUENOS AIRES
2964;RIO GRANDE;TIERRA DEL FUEGO;RIO GRANDE
2966;BELLA VISTA;SANTA CRUZ;
2966;LE MARCHAND;SANTA CRUZ;
2966;MONTE AYMOND;SANTA CRUZ;
2966;RIO GALLEGOS;SANTA CRUZ;GUER AIKE
2966;YACIMIENTO PETROLIFERO DRESSER RAND ARG.;SANTA CRUZ;
297;ASTRA;CHUBUT;ESCALANTE
297;BAHIA BUSTAMANTE;CHUBUT;ESCALANTE
297;CALETA OLIVIA;CHUBUT;
297;CAMARONES;CHUBUT;FLORENTINO AMEGHINO
297;COMODORO RIVADAVIA;CHUBUT;ESCALANTE
297;DIADEMA;CHUBUT;ESCALANTE
297;JARAMILLO;CHUBUT;
297;LAS HERAS;CHUBUT;
297;PICO TRUNCADO;CHUBUT;
297;PUERTO DESEADO;CHUBUT;
297;SARMIENTO;CHUBUT;SARMIENTO
297;TELLIER;CHUBUT;
2972;JUNIN DE LOS ANDES;NEUQUEN;HUILICHES
2972;LAGO HUECHULAFQUEN;NEUQUEN;HUILICHES
2972;LAGO MELIQUINA;NEUQUEN;LACAR
2972;NAHUEL MAPI;NEUQUEN;
2972;PASO YUCON;NEUQUEN;
2972;PILOLIL;NEUQUEN;CATAN LIL
2972;SAN MARTIN DE LOS ANDES;NEUQUEN;LACAR
298;AGUADA GUZMAN;RIO NEGRO;EL CUY
298;ALLEN;RIO NEGRO;GENERAL ROCA
298;BARRIO CHACRAMONTE;RIO NEGRO;GENERAL ROCA
298;BARRIO MARIO MOSCONI;RIO NEGRO;
298;BARRIO PUENTE CERO;RIO NEGRO;
298;CASA DE PIEDRA;RIO NEGRO;
298;CERRO POLICIA;RIO NEGRO;EL CUY
298;CERVANTES;RIO NEGRO;GENERAL ROCA
298;CHICHINALES;RIO NEGRO;GENERAL ROCA
298;EL CUY;RIO NEGRO;EL CUY
298;GENERAL ROCA;RIO NEGRO;GENERAL ROCA
298;INGENIERO HUERGO;RIO NEGRO;GENERAL ROCA
298;VALLE AZUL;RIO NEGRO;EL CUY
298;VILLA REGINA;RIO NEGRO;GENERAL ROCA
298;GOBERNADOR DUVAL;LA PAMPA;CURACO
2982;CLAROMECO;BUENOS AIRES;TRES ARROYOS
2982;ORENSE;BUENOS AIRES;TRES ARROYOS
2982;SAN FRANCISCO DE BELLOCQ;BUENOS AIRES;TRES ARROYOS
2983;ADOLFO GONZALEZ CHAVES;BUENOS AIRES;
2983;APARICIO;BUENOS AIRES;CORONEL DORREGO
2983;COPETONAS;BUENOS AIRES;TRES ARROYOS
2983;DE LA GARMA;BUENOS AIRES;ADOLFO GONZALES CHAVES
2983;INDIO RICO;BUENOS AIRES;CORONEL PRINGLES
2983;JUAN E.BARRA;BUENOS AIRES;
2983;MICAELA CASCALLARES;BUENOS AIRES;TRES ARROYOS
2983;ORIENTE;BUENOS AIRES;CORONEL DORREGO
2983;RETA;BUENOS AIRES;TRES ARROYOS
2983;SAN CAYETANO;BUENOS AIRES;SAN CAYETANO
2983;TRES ARROYOS;BUENOS AIRES;TRES ARROYOS
2983;VAZQUEZ;BUENOS AIRES;ADOLFO GONZALES CHAVES
299;AÑELO;NEUQUEN;ANELO
299;ARROYITO DEL CHOCON;NEUQUEN;CONFLUENCIA
299;BARDA DEL MEDIO;NEUQUEN;
299;BARRIO EX ISLA 10;NEUQUEN;
299;CATRIEL;NEUQUEN;
299;CENTENARIO;NEUQUEN;CONFLUENCIA
299;CINCO SALTOS;NEUQUEN;
299;COLONIA 25 DE MAYO;NEUQUEN;
299;COLONIA CHICA;NEUQUEN;
299;COLONIA EL SAUZAL;NEUQUEN;
299;CONTRALMIRANTE CORDERO;NEUQUEN;
299;CUTRAL CO;NEUQUEN;CONFLUENCIA
299;GENERAL FERNANDEZ ORO;NEUQUEN;
299;LAS PERLAS;NEUQUEN;
299;NEUQUEN;NEUQUEN;CONFLUENCIA
299;PLOTTIER;NEUQUEN;CONFLUENCIA
299;RINCON DE LOS SAUCES;NEUQUEN;PEHUENCHES
299;SAN PATRICIO DEL CHAÑAR;NEUQUEN;ANELO
299;SAUZAL BONITO;NEUQUEN;CONFLUENCIA
299;SENILLOSA;NEUQUEN;CONFLUENCIA
299;VILLA MANZANO;NEUQUEN;
299;VILLA EL CHOCON;NEUQUEN;CONFLUENCIA
3327;BENAVIDEZ;BUENOS AIRES;
3327;LOPEZ CAMELO;BUENOS AIRES;
3329;ALSINA;BUENOS AIRES;GUAMINI
3329;BARADERO;BUENOS AIRES;BARADERO
3329;GOBERNADOR CASTRO;BUENOS AIRES;SAN PEDRO
3329;IRENEO PORTELA;BUENOS AIRES;BARADERO
3329;LA VIOLETA;BUENOS AIRES;PERGAMINO
3329;PEREZ MILLAN;BUENOS AIRES;RAMALLO
3329;RIO TALA;BUENOS AIRES;SAN PEDRO
3329;SAN PEDRO;BUENOS AIRES;SAN PEDRO
3329;SANTA LUCIA;BUENOS AIRES;SAN PEDRO
336;CAMPOS SALLES;BUENOS AIRES;
336;CONESA;BUENOS AIRES;SAN NICOLAS
336;GENERAL ROJO;BUENOS AIRES;SAN NICOLAS
336;SAN NICOLAS;BUENOS AIRES;SAN NICOLAS
3382;AARON CASTELLANOS;SANTA FE;GENERAL LOPEZ
3382;AMENABAR;SANTA FE;GENERAL LOPEZ
3382;CAÑADA SECA;BUENOS AIRES;GENERAL VILLEGAS
3382;DIEGO DE ALVEAR;SANTA FE;GENERAL LOPEZ
3382;RUFINO;SANTA FE;GENERAL LOPEZ
3382;SAN GREGORIO;SANTA FE;GENERAL LOPEZ
3382;SANTA REGINA;SANTA FE;
3382;VILLA SABOYA;SANTA FE;
3382;LA CESIRA;CORDOBA;PRESIDENTE ROQUE SAENZ PENA
3385;GENERAL LEVALLE;CORDOBA;PRESIDENTE ROQUE SAENZ PENA
3385;GUARDIA VIEJA;CORDOBA;
3385;JOVITA;CORDOBA;GENERAL ROCA
3385;LABOULAYE;CORDOBA;PRESIDENTE ROQUE SAENZ PENA
3385;MELO;CORDOBA;PRESIDENTE ROQUE SAENZ PENA
3385;RIOBAMBA;CORDOBA;PRESIDENTE ROQUE SAENZ PENA
3385;ROSALES;CORDOBA;PRESIDENTE ROQUE SAENZ PENA
3385;SAN JOAQUIN;CORDOBA;PRESIDENTE ROQUE SAENZ PENA
3385;SERRANO;CORDOBA;PRESIDENTE ROQUE SAENZ PENA
3385;VILLA ROSSI;CORDOBA;PRESIDENTE ROQUE SAENZ PENA
3387;BOUCHARD;CORDOBA;GENERAL ROCA
3387;ITALO;CORDOBA;GENERAL ROCA
3387;ONAGOITY;CORDOBA;GENERAL ROCA
3388;AMEGHINO;BUENOS AIRES;FLORENTINO AMEGHINO
3388;BANDERALO;BUENOS AIRES;GENERAL VILLEGAS
3388;BLAQUIER;BUENOS AIRES;FLORENTINO AMEGHINO
3388;CORONEL CHARLONE;BUENOS AIRES;GENERAL VILLEGAS
3388;DRABLE;BUENOS AIRES;
3388;EL DIA;BUENOS AIRES;
3388;ELORDI;BUENOS AIRES;GENERAL VILLEGAS
3388;EMILIO BUNGE;BUENOS AIRES;GENERAL VILLEGAS
3388;GENERAL VILLEGAS;BUENOS AIRES;GENERAL VILLEGAS
3388;PIEDRITAS;BUENOS AIRES;GENERAL VILLEGAS
3388;SANTA ELEODORA;BUENOS AIRES;GENERAL VILLEGAS
3388;TRES ALGARROBOS;BUENOS AIRES;CARLOS TEJEDOR
3388;VILLA SAUZE;BUENOS AIRES;GENERAL VILLEGAS
3400;EMPALME VILLA CONSTITUCION;SANTA FE;CONSTITUCION
3400;PAVON;SANTA FE;CONSTITUCION
3400;RUEDA;SANTA FE;CONSTITUCION
3400;THEOBALD;SANTA FE;CONSTITUCION
3400;VILLA CONSTITUCION;SANTA FE;CONSTITUCION
3401;CAMPO CASTRO;SANTA FE;
3401;CAÑADA ROSQUIN;SANTA FE;SAN MARTIN
3401;CARLOS PELLEGRINI;SANTA FE;SAN MARTIN
3401;CASAS;SANTA FE;SAN MARTIN
3401;CENTENO;SANTA FE;SAN JERONIMO
3401;EL TREBOL;SANTA FE;SAN MARTIN
3401;LAS BANDURRIAS;SANTA FE;SAN MARTIN
3401;LOS CARDOS;SANTA FE;SAN MARTIN
3401;MARIA SUSANA;SANTA FE;SAN MARTIN
3401;PIAMONTE;SANTA FE;SAN MARTIN
3401;SAN GENARO;SANTA FE;SAN JERONIMO
3401;SAN GENARO NORTE;SANTA FE;SAN JERONIMO
3402;ALBARELLOS;SANTA FE;ROSARIO
3402;ALVAREZ;SANTA FE;ROSARIO
3402;ARROYO SECO;SANTA FE;ROSARIO
3402;CORONEL BOGADO;SANTA FE;ROSARIO
3402;CORONEL DOMINGUEZ;SANTA FE;
3402;FIGHIERA;SANTA FE;ROSARIO
3402;GENERAL LAGOS;SANTA FE;ROSARIO
3402;PUEBLO ESTHER;SANTA FE;ROSARIO
3402;VILLA AMELIA;SANTA FE;ROSARIO
3404;CAMPO PIAGGIO;SANTA FE;
3404;COLONIA BELGRANO;SANTA FE;SAN MARTIN
3404;GALVEZ;SANTA FE;SAN JERONIMO
3404;GESSLER;SANTA FE;SAN JERONIMO
3404;LARRECHEA;SANTA FE;SAN JERONIMO
3404;LOMA ALTA;SANTA FE;SAN JERONIMO
3404;LOPEZ;SANTA FE;
3404;PILAR;SANTA FE;LAS COLONIAS
3404;SA PEREYRA;SANTA FE;LAS COLONIAS
3404;SAN CARLOS CENTRO;SANTA FE;LAS COLONIAS
3404;SAN CARLOS NORTE;SANTA FE;LAS COLONIAS
3404;SAN EUGENIO;SANTA FE;SAN JERONIMO
3404;SAN JERONIMO DEL SAUCE;SANTA FE;LAS COLONIAS
3404;SAN JERONIMO NORTE;SANTA FE;LAS COLONIAS
3404;SAN MARIANO;SANTA FE;LAS COLONIAS
3404;SANTA CLARA DE BUENA VISTA;SANTA FE;LAS COLONIAS
3404;SANTA MARIA CENTRO;SANTA FE;
3404;SANTA MARIA NORTE;SANTA FE;
3405;ALEJANDRA;SANTA FE;SAN JAVIER
3405;CACIQUE ARIACAIQUIN;SANTA FE;SAN JAVIER
3405;CAYASTA;SANTA FE;GARAY
3405;HELVECIA;SANTA FE;GARAY
3405;LA BRAVA;SANTA FE;SAN JAVIER
3405;SALADERO M CABAL;SANTA FE;
3405;SAN JAVIER;SANTA FE;SAN JAVIER
3406;CASTELAR;SANTA FE;SAN MARTIN
3406;CRISPI;SANTA FE;SAN MARTIN
3406;GARIBALDI;SANTA FE;CASTELLANOS
3406;LANDETA;SANTA FE;SAN MARTIN
3406;LAS PETACAS;SANTA FE;SAN MARTIN
3406;MARIA JUANA;SANTA FE;CASTELLANOS
3406;SAN JORGE;SANTA FE;SAN MARTIN
3406;SAN MARTIN DE LAS ESCOBAS;SANTA FE;SAN MARTIN
3406;SASTRE;SANTA FE;SAN MARTIN
3406;TRAILL;SANTA FE;SAN MARTIN
3407;EL PARAISO;BUENOS AIRES;RAMALLO
3407;RAMALLO;BUENOS AIRES;RAMALLO
3407;VILLA RAMALLO;BUENOS AIRES;RAMALLO
3408;AGUARA GRANDE;SANTA FE;SAN CRISTOBAL
3408;COLONIA PORTUGALETE;SANTA FE;
3408;LA CABRAL;SANTA FE;SAN CRISTOBAL
3408;LA LUCILA;SANTA FE;
3408;LAS AVISPAS;SANTA FE;SAN CRISTOBAL
3408;ÑANDUCITA;SANTA FE;SAN CRISTOBAL
3408;SAN CRISTOBAL;SANTA FE;SAN CRISTOBAL
3409;COLONIA BOSSI;SANTA FE;SAN CRISTOBAL
3409;COLONIA CLARA;SANTA FE;
3409;CONSTANZA;SANTA FE;SAN CRISTOBAL
3409;LAS PALMERAS;SANTA FE;SAN CRISTOBAL
3409;MOISES VILLE;SANTA FE;SAN CRISTOBAL
3409;MONIGOTES;SANTA FE;SAN CRISTOBAL
3409;PALACIOS;SANTA FE;SAN CRISTOBAL
341;CAPITAN BERMUDEZ;SANTA FE;SAN LORENZO
341;CARCARAÑA;SANTA FE;SAN LORENZO
341;CORONEL ARNOLD;SANTA FE;SAN LORENZO
341;FUNES;SANTA FE;ROSARIO
341;IBARLUCEA;SANTA FE;ROSARIO
341;PEREZ;SANTA FE;ROSARIO
341;ROLDAN;SANTA FE;SAN LORENZO
341;ROSARIO;SANTA FE;ROSARIO
341;SAN JERONIMO SUR;SANTA FE;SAN LORENZO
341;SOLDINI;SANTA FE;ROSARIO
341;VILLA GOBERNADOR GALVEZ;SANTA FE;ROSARIO
341;ZAVALLA;SANTA FE;ROSARIO
342;AERODROMO SAUCE VIEJO;SANTA FE;LA CAPITAL
342;ARROYO AGUIAR;SANTA FE;LA CAPITAL
342;COLASTINE;SANTA FE;
342;COLONIA LOS ZAPALLOS;SANTA FE;GARAY
342;COLONIA SAN JOSE;SANTA FE;SAN JAVIER
342;CORONDA;SANTA FE;SAN JERONIMO
342;DESVIO ARIJON;SANTA FE;SAN JERONIMO
342;EMPALME SAN CARLOS;SANTA FE;LAS COLONIAS
342;FRANCK;SANTA FE;LAS COLONIAS
342;GOBERNADOR CANDIOTI;SANTA FE;LA CAPITAL
342;LAGUNA PAIVA;SANTA FE;LA CAPITAL
342;LAS TUNAS;SANTA FE;LAS COLONIAS
342;MANUCHO;SANTA FE;LA CAPITAL
342;MATILDE;SANTA FE;LAS COLONIAS
342;MONTE VERA;SANTA FE;LA CAPITAL
342;NELSON;SANTA FE;LA CAPITAL
342;RECREO;SANTA FE;LA CAPITAL
342;SAN AGUSTIN;SANTA FE;LAS COLONIAS
342;SAN JOSE DEL RINCON;SANTA FE;LA CAPITAL
342;SANTA FE;SANTA FE;LA CAPITAL
342;SANTA ROSA;SANTA FE;GARAY
342;SAUCE VIEJO;SANTA FE;LA CAPITAL
343;ALDEA BRASILERA;ENTRE RIOS;DIAMANTE
343;ALDEA EIGENFELD;ENTRE RIOS;
343;ALDEA MARIA LUISA;ENTRE RIOS;PARANA
343;ALDEA PROTESTANTE;ENTRE RIOS;DIAMANTE
343;ALDEA SALTO;ENTRE RIOS;DIAMANTE
343;ALDEA SAN RAFAEL;ENTRE RIOS;PARANA
343;ALDEA SANTA MARIA;ENTRE RIOS;PARANA
343;ALDEA SPATZENKUTTER;ENTRE RIOS;DIAMANTE
343;ALDEA VALLE MARIA;ENTRE RIOS;DIAMANTE
343;CAMPS;ENTRE RIOS;
343;CERRITO;ENTRE RIOS;PARANA
343;COLONIA ALVEAR;ENTRE RIOS;
343;COLONIA ENSAYO;ENTRE RIOS;DIAMANTE
343;COLONIA NUEVA;ENTRE RIOS;PARANA
343;CRESPO;ENTRE RIOS;PARANA
343;CURTIEMBRE;ENTRE RIOS;PARANA
343;DIAMANTE;ENTRE RIOS;DIAMANTE
343;DOLL;ENTRE RIOS;
343;EL PALENQUE;ENTRE RIOS;PARANA
343;EL PINGO;ENTRE RIOS;PARANA
343;GENERAL RACEDO;ENTRE RIOS;DIAMANTE
343;GENERAL RAMIREZ;ENTRE RIOS;DIAMANTE
343;HASENKAMP;ENTRE RIOS;PARANA
343;LA LOMA;ENTRE RIOS;
343;LA PICADA;ENTRE RIOS;PARANA
343;MARIA GRANDE;ENTRE RIOS;PARANA
343;MARIA GRANDE SEGUNDA SUR;ENTRE RIOS;PARANA
343;ORO VERDE;ENTRE RIOS;PARANA
343;PARANA;ENTRE RIOS;PARANA
343;PUEBLO BRUGO;ENTRE RIOS;PARANA
343;PUEBLO SAN MARTIN;ENTRE RIOS;
343;PUIGGARI;ENTRE RIOS;
343;SAN BENITO;ENTRE RIOS;PARANA
343;SAUCE PINTO;ENTRE RIOS;PARANA
343;SEGUI;ENTRE RIOS;PARANA
343;SOSA;ENTRE RIOS;
343;TEZANOS PINTO;ENTRE RIOS;PARANA
343;VIALE;ENTRE RIOS;PARANA
343;VILLA FONTANA;ENTRE RIOS;PARANA
343;VILLA GOBERNADOR ETCHEVERE;ENTRE RIOS;
343;VILLA HERNANDARIAS;ENTRE RIOS;PARANA
343;VILLA LIBERTADOR GENERAL SAN MARTIN;ENTRE RIOS;DIAMANTE
343;VILLA TABOSSI;ENTRE RIOS;PARANA
343;VILLA URQUIZA;ENTRE RIOS;PARANA
3435;20 DE SETIEMBRE;ENTRE RIOS;
3435;CRUCESITAS TERCERA;ENTRE RIOS;
3435;DON CRISTOBAL 2DO;ENTRE RIOS;
3435;DON CRISTOBAL PRIMERO;ENTRE RIOS;
3435;EST. GOBERNADOR FEBRE;ENTRE RIOS;
3435;HERNANDEZ;ENTRE RIOS;NOGOYA
3435;LUCAS GONZALEZ;ENTRE RIOS;NOGOYA
3435;NOGOYA;ENTRE RIOS;NOGOYA
3436;ARANGUREN;ENTRE RIOS;NOGOYA
3436;LAS CUEVAS;ENTRE RIOS;DIAMANTE
3436;MOLINO DOLL;ENTRE RIOS;VICTORIA
3436;PAJONAL;ENTRE RIOS;
3436;PUEBLITO;ENTRE RIOS;
3436;RINCON;ENTRE RIOS;VICTORIA
3436;VICTORIA;ENTRE RIOS;VICTORIA
3437;CENTENARIO;ENTRE RIOS;
3437;EL CARMEN;ENTRE RIOS;DIAMANTE
3437;EL QUEBRACHO;ENTRE RIOS;LA PAZ
3437;LA PAZ;ENTRE RIOS;LA PAZ
3437;PASO MEDINA;ENTRE RIOS;
3437;PASO POTRILLO;ENTRE RIOS;
3437;PUERTO ALGARROBO;ENTRE RIOS;LA PAZ
3437;SAN GUSTAVO;ENTRE RIOS;LA PAZ
3437;SANTA ELENA;ENTRE RIOS;LA PAZ
3438;ALCARAZ;ENTRE RIOS;LA PAZ
3438;ALCARAZ SEGUNDO;ENTRE RIOS;
3438;BOVRIL;ENTRE RIOS;LA PAZ
3438;COLONIA AVIGDOR;ENTRE RIOS;LA PAZ
3438;PIEDRAS BLANCAS;ENTRE RIOS;LA PAZ
3438;PUEBLO BELLOCQ;ENTRE RIOS;PARANA
3438;SAUCE DE LUNA;ENTRE RIOS;FEDERAL
3442;CASEROS;ENTRE RIOS;URUGUAY
3442;COLONIA ELIA;ENTRE RIOS;URUGUAY
3442;CONCEPCION DEL URUGUAY;ENTRE RIOS;URUGUAY
3442;HERRERA;ENTRE RIOS;URUGUAY
3442;PRONUNCIAMIENTO;ENTRE RIOS;URUGUAY
3442;SAN CIPRIANO;ENTRE RIOS;URUGUAY
3442;SAN JUSTO;ENTRE RIOS;URUGUAY
3444;CUCHILLA;ENTRE RIOS;GUALEGUAYCHU
3444;ENRIQUE CARBO;ENTRE RIOS;GUALEGUAYCHU
3444;GENERAL GALARZA;ENTRE RIOS;GUALEGUAY
3444;GUALEGUAY;ENTRE RIOS;GUALEGUAY
3444;LAZO;ENTRE RIOS;
3444;MARIA ELINA;ENTRE RIOS;
3444;MEDANOS;ENTRE RIOS;ISLAS DEL IBICUY
3444;PUERTO RUIZ;ENTRE RIOS;GUALEGUAY
3444;TRES BOCAS;ENTRE RIOS;
3445;ALTAMIRANO;ENTRE RIOS;TALA
3445;BASAVILBASO;ENTRE RIOS;URUGUAY
3445;ESTACION ECHAGUE;ENTRE RIOS;
3445;GUARDAMONTE;ENTRE RIOS;TALA
3445;LIBAROS;ENTRE RIOS;URUGUAY
3445;MACIA;ENTRE RIOS;TALA
3445;MANSILLA;ENTRE RIOS;TALA
3445;ROCAMORA;ENTRE RIOS;URUGUAY
3445;ROSARIO DEL TALA;ENTRE RIOS;TALA
3445;SANTA ANITA;ENTRE RIOS;URUGUAY
3445;SOLA;ENTRE RIOS;
3445;VILLA MANTERO;ENTRE RIOS;URUGUAY
3445;VILLA SAN MARCIAL;ENTRE RIOS;
3446;ALDEA SAN ANTONIO;ENTRE RIOS;PARANA
3446;ALMADA;ENTRE RIOS;GUALEGUAYCHU
3446;BENJAMIN LAMBERT;ENTRE RIOS;
3446;CEIBAS;ENTRE RIOS;ISLAS DEL IBICUY
3446;GILBERT;ENTRE RIOS;GUALEGUAYCHU
3446;GUALEGUAYCHU;ENTRE RIOS;GUALEGUAYCHU
3446;IRAZUSTA;ENTRE RIOS;GUALEGUAYCHU
3446;LARROQUE;ENTRE RIOS;GUALEGUAYCHU
3446;PALAVECINO;ENTRE RIOS;
3446;PARERA;ENTRE RIOS;GUALEGUAYCHU
3446;PASTOR BRITOS;ENTRE RIOS;GUALEGUAYCHU
3446;PEHUAJO SUR;ENTRE RIOS;
3446;PERDICES;ENTRE RIOS;
3446;PUEBLO BELGRANO;ENTRE RIOS;
3446;PUEBLO IBICUY;ENTRE RIOS;
3446;URDINARRAIN;ENTRE RIOS;GUALEGUAYCHU
3446;VILLA PARANACITO;ENTRE RIOS;ISLAS DEL IBICUY
3446;VIVERO;ENTRE RIOS;
3447;1 DE MAYO;ENTRE RIOS;
3447;ARROYO BARU;ENTRE RIOS;COLON
3447;COLON;ENTRE RIOS;COLON
3447;EL BRILLANTE;ENTRE RIOS;
3447;LA CLARITA;ENTRE RIOS;COLON
3447;LIEBIG;ENTRE RIOS;COLON
3447;SAN JOSE;ENTRE RIOS;COLON
3447;VILLA ELISA;ENTRE RIOS;COLON
345;CALABACILLAS;ENTRE RIOS;CONCORDIA
345;COLONIA AYUI;ENTRE RIOS;CONCORDIA
345;CONCORDIA;ENTRE RIOS;CONCORDIA
345;ESTANCIA GRANDE;ENTRE RIOS;CONCORDIA
345;GENERAL CAMPOS;ENTRE RIOS;SAN SALVADOR
345;HUMAITA;ENTRE RIOS;
345;LA CRIOLLA;ENTRE RIOS;CONCORDIA
345;LOS CHARRUAS;ENTRE RIOS;CONCORDIA
345;NUEVA ESCOCIA;ENTRE RIOS;CONCORDIA
345;OSVALDO MAGNASCO;ENTRE RIOS;CONCORDIA
345;PEDERNAL;ENTRE RIOS;CONCORDIA
345;PUERTO YERUA;ENTRE RIOS;CONCORDIA
345;SAN SALVADOR;ENTRE RIOS;SAN SALVADOR
345;UBAJAY;ENTRE RIOS;COLON
345;VILLA ZORRAQUIN;ENTRE RIOS;
345;YERUA;ENTRE RIOS;
345;YUQUERI;ENTRE RIOS;CONCORDIA
3454;CONSCRIPTO BERNARDI;ENTRE RIOS;FEDERAL
3454;EL CIMARRON;ENTRE RIOS;FEDERAL
3454;FEDERAL;ENTRE RIOS;FEDERAL
3454;NUEVA VIZCAYA;ENTRE RIOS;FEDERAL
3454;SANTA MARIA;ENTRE RIOS;PARANA
3455;CLARA;ENTRE RIOS;
3455;DOMINGUEZ;ENTRE RIOS;VILLAGUAY
3455;DURAZNO;ENTRE RIOS;TALA
3455;INGENIERO MIGUEL SAJAROFF;ENTRE RIOS;VILLAGUAY
3455;JUBILEO;ENTRE RIOS;VILLAGUAY
3455;LAS MOSCAS;ENTRE RIOS;URUGUAY
3455;MOJONES SUR;ENTRE RIOS;
3455;PIÑEYRO;ENTRE RIOS;
3455;RAICES;ENTRE RIOS;VILLAGUAY
3455;VILLAGUAY;ENTRE RIOS;VILLAGUAY
3456;COLONIA LA ARGENTINA;ENTRE RIOS;FEDERACION
3456;CHAJARI;ENTRE RIOS;FEDERACION
3456;FEDERACION;ENTRE RIOS;FEDERACION
3456;SANTA ANA;ENTRE RIOS;FEDERACION
3456;VILLA DEL ROSARIO;ENTRE RIOS;FEDERACION
3458;LOS CONQUISTADORES;ENTRE RIOS;FEDERACION
3458;SAN JAIME DE LA FRONTERA;ENTRE RIOS;FEDERACION
3458;SAN JOSE DE FELICIANO;ENTRE RIOS;FELICIANO
3458;SAN VICTOR;ENTRE RIOS;FELICIANO
3460;CAÑADA RICA;SANTA FE;CONSTITUCION
3460;GODOY;SANTA FE;CONSTITUCION
3460;JUAN BERNABE MOLINA;SANTA FE;CONSTITUCION
3460;LA VANGUARDIA;SANTA FE;CONSTITUCION
3460;MAXIMO PAZ;SANTA FE;CONSTITUCION
3460;PEYRANO;SANTA FE;CONSTITUCION
3460;SANTA TERESA;SANTA FE;CONSTITUCION
3460;SARGENTO CABRAL;SANTA FE;CONSTITUCION
3462;CARMEN;SANTA FE;GENERAL LOPEZ
3462;CHAPUY;SANTA FE;GENERAL LOPEZ
3462;CHRISTOPHERSEN;SANTA FE;GENERAL LOPEZ
3462;ELORTONDO;SANTA FE;GENERAL LOPEZ
3462;LA CHISPA;SANTA FE;GENERAL LOPEZ
3462;MAGGIOLO;SANTA FE;GENERAL LOPEZ
3462;MARIA TERESA;SANTA FE;GENERAL LOPEZ
3462;MURPHY;SANTA FE;GENERAL LOPEZ
3462;SAN EDUARDO;SANTA FE;GENERAL LOPEZ
3462;SAN FRANCISCO DE SANTE FE;SANTA FE;GENERAL LOPEZ
3462;SANCTI SPIRITU;SANTA FE;GENERAL LOPEZ
3462;SANTA ISABEL;SANTA FE;GENERAL LOPEZ
3462;TEODELINA;SANTA FE;GENERAL LOPEZ
3462;VENADO TUERTO;SANTA FE;GENERAL LOPEZ
3462;VILLA CAÑAS;SANTA FE;GENERAL LOPEZ
3463;BENJAMIN GOULD;CORDOBA;UNION
3463;CANALS;CORDOBA;UNION
3463;COLONIA BREMEN;CORDOBA;UNION
3463;COLONIA SANTA MARIA;CORDOBA;SAN JUSTO
3463;GENERAL VIAMONTE;CORDOBA;UNION
3463;PUEBLO ITALIANO;CORDOBA;UNION
3464;AREQUITO;SANTA FE;CASEROS
3464;BIGAND;SANTA FE;CASEROS
3464;CASILDA;SANTA FE;CASEROS
3464;CHABAS;SANTA FE;CASEROS
3464;FUENTES;SANTA FE;SAN LORENZO
3464;LOS MOLINOS;SANTA FE;CASEROS
3464;PUJATO;SANTA FE;SAN LORENZO
3464;SANFORD;SANTA FE;CASEROS
3464;VILLA MUGUETA;SANTA FE;SAN LORENZO
3465;ALCORTA;SANTA FE;CONSTITUCION
3465;BERABEVU;SANTA FE;CASEROS
3465;BOMBAL;SANTA FE;CONSTITUCION
3465;CAÑADA DEL UCLE;SANTA FE;GENERAL LOPEZ
3465;CARRERAS;SANTA FE;GENERAL LOPEZ
3465;CHOVET;SANTA FE;GENERAL LOPEZ
3465;FIRMAT;SANTA FE;GENERAL LOPEZ
3465;GODEKEN;SANTA FE;CASEROS
3465;LABORDEBOY;SANTA FE;GENERAL LOPEZ
3465;LOS QUIRQUINCHOS;SANTA FE;CASEROS
3465;MELINCUE;SANTA FE;GENERAL LOPEZ
3465;VILLA DIVISA DE MAYO;SANTA FE;GENERAL LOPEZ
3465;VILLADA;SANTA FE;CASEROS
3466;AROCENA;SANTA FE;SAN JERONIMO
3466;BARRANCAS;SANTA FE;SAN JERONIMO
3466;CASALEGNO;SANTA FE;SAN JERONIMO
3466;DIAZ;SANTA FE;SAN JERONIMO
3466;ESTACION BERNARDO IRIGOYEN;SANTA FE;SAN JERONIMO
3466;MONJE;SANTA FE;SAN JERONIMO
3466;SAN FABIAN;SANTA FE;SAN JERONIMO
3467;ARTEAGA;CORDOBA;
3467;COLONIA VEINTICINCO;CORDOBA;MARCOS JUAREZ
3467;CRUZ ALTA;CORDOBA;MARCOS JUAREZ
3467;INRIVILLE;CORDOBA;MARCOS JUAREZ
3467;LOS NOGALES;SANTA FE;CASEROS
3467;LOS SURGENTES;CORDOBA;MARCOS JUAREZ
3467;MONTE BUEY;CORDOBA;MARCOS JUAREZ
3467;SALADILLO;CORDOBA;MARCOS JUAREZ
3467;SAN JOSE DE LA ESQUINA;CORDOBA;RIO PRIMERO
3468;ALEJO LEDESMA;CORDOBA;MARCOS JUAREZ
3468;ARIAS;CORDOBA;MARCOS JUAREZ
3468;CAFFERATA;CORDOBA;
3468;CAMILO ALDAO;CORDOBA;MARCOS JUAREZ
3468;CAVANAGH;CORDOBA;MARCOS JUAREZ
3468;COLONIA BARGE;CORDOBA;MARCOS JUAREZ
3468;COLONIA BISMARCK;CORDOBA;UNION
3468;CORRAL DE BUSTOS;CORDOBA;MARCOS JUAREZ
3468;CHAÑAR LADEADO;CORDOBA;
3468;GENERAL B. OHIGGINS;CORDOBA;
3468;GENERAL BALDISSERA;CORDOBA;MARCOS JUAREZ
3468;GUATIMOZIN;CORDOBA;MARCOS JUAREZ
3468;ISLA VERDE;CORDOBA;MARCOS JUAREZ
3468;MONTE MAIZ;CORDOBA;UNION
3468;WENCESLAO ESCALANTE;CORDOBA;UNION
3469;ACEBAL;SANTA FE;ROSARIO
3469;ARMINDA;SANTA FE;ROSARIO
3469;PAVON ARRIBA;SANTA FE;CONSTITUCION
3469;PUEBLO MUÑOZ;SANTA FE;ROSARIO
3469;URANGA;SANTA FE;ROSARIO
3471;ARMSTRONG;SANTA FE;BELGRANO
3471;BOUQUET;SANTA FE;BELGRANO
3471;BUSTINZA;SANTA FE;IRIONDO
3471;CAÑADA DE GOMEZ;SANTA FE;IRIONDO
3471;CLASON;SANTA FE;IRIONDO
3471;CORREA;SANTA FE;IRIONDO
3471;LAS PAREJAS;SANTA FE;BELGRANO
3471;LAS ROSAS;SANTA FE;BELGRANO
3471;MONTES DE OCA;SANTA FE;BELGRANO
3471;TORTUGAS;SANTA FE;BELGRANO
3471;VILLA ELOISA;SANTA FE;IRIONDO
3472;COLONIA FLORA;CORDOBA;
3472;GENERAL ROCA;CORDOBA;MARCOS JUAREZ
3472;LEONES;CORDOBA;MARCOS JUAREZ
3472;MARCOS JUAREZ;CORDOBA;MARCOS JUAREZ
3472;NOETINGER;CORDOBA;UNION
3472;SAIRA;CORDOBA;MARCOS JUAREZ
3472;VILLA ELISA;CORDOBA;MARCOS JUAREZ
3476;ALDAO;SANTA FE;SAN LORENZO
3476;CLARKE;SANTA FE;IRIONDO
3476;LUCIO VICENTE LOPEZ;SANTA FE;
3476;LUIS PALACIOS;SANTA FE;SAN LORENZO
3476;MACIEL;SANTA FE;SAN JERONIMO
3476;OLIVEROS;SANTA FE;IRIONDO
3476;PUEBLO ANDINO;SANTA FE;IRIONDO
3476;PUERTO GABOTO;SANTA FE;
3476;RICARDONE;SANTA FE;SAN LORENZO
3476;SALTO GRANDE;SANTA FE;IRIONDO
3476;SAN LORENZO;SANTA FE;SAN LORENZO
3476;SERODINO;SANTA FE;IRIONDO
3476;TIMBUES;SANTA FE;SAN LORENZO
3476;TOTORAS;SANTA FE;IRIONDO
3476;VILLA LA RIBERA;SANTA FE;IRIONDO
348;DIQUE LUJAN;BUENOS AIRES;
348;ESCOBAR;BUENOS AIRES;ESCOBAR
348;GARIN;BUENOS AIRES;
348;INGENIERO MASCHWITZ;BUENOS AIRES;
348;ISLA MARTIN GARCIA;BUENOS AIRES;LA PLATA
348;MAQUINISTA SAVIO;BUENOS AIRES;
348;MATHEU;BUENOS AIRES;
348;ZELAYA;BUENOS AIRES;
3482;ARROYO CEIBAL;SANTA FE;GENERAL OBLIGADO
3482;BERNA;SANTA FE;GENERAL OBLIGADO
3482;CAMPO HARDY;SANTA FE;GENERAL OBLIGADO
3482;CAÑADA OMBU;SANTA FE;VERA
3482;EL ARAZA;SANTA FE;GENERAL OBLIGADO
3482;EL RABON;SANTA FE;GENERAL OBLIGADO
3482;EL SOMBRERITO;SANTA FE;GENERAL OBLIGADO
3482;FLOR DE ORO;SANTA FE;GENERAL OBLIGADO
3482;FLORENCIA;SANTA FE;GENERAL OBLIGADO
3482;GARABATO;SANTA FE;VERA
3482;GUADALUPE NORTE;SANTA FE;GENERAL OBLIGADO
3482;INGENIERO CHANOURDIE;SANTA FE;GENERAL OBLIGADO
3482;INTIYACO;SANTA FE;VERA
3482;LA SARITA;SANTA FE;GENERAL OBLIGADO
3482;LANTERI;SANTA FE;GENERAL OBLIGADO
3482;LAS GARZAS;SANTA FE;GENERAL OBLIGADO
3482;LAS TOSCAS;SANTA FE;GENERAL OBLIGADO
3482;LOS AMORES;SANTA FE;VERA
3482;LOS LAURELES;SANTA FE;GENERAL OBLIGADO
3482;MALABRIGO;SANTA FE;GENERAL OBLIGADO
3482;MOUSSY;SANTA FE;GENERAL OBLIGADO
3482;NICANOR E. MOLINAS;SANTA FE;GENERAL OBLIGADO
3482;PUERTO RECONQUISTA;SANTA FE;GENERAL OBLIGADO
3482;RECONQUISTA;SANTA FE;GENERAL OBLIGADO
3482;ROMANG;SANTA FE;SAN JAVIER
3482;SAN ANTONIO DE OBLIGADO;SANTA FE;GENERAL OBLIGADO
3482;SAN MANUEL;SANTA FE;GENERAL OBLIGADO
3482;TARTAGAL;SANTA FE;VERA
3482;VILLA ANA;SANTA FE;GENERAL OBLIGADO
3482;VILLA GUILLERMINA;SANTA FE;GENERAL OBLIGADO
3482;VILLA OCAMPO;SANTA FE;GENERAL OBLIGADO
3483;CALCHAQUI;SANTA FE;VERA
3483;ESPIN;SANTA FE;
3483;FORTIN OLMOS;SANTA FE;VERA
3483;LA GALLARETA;SANTA FE;VERA
3483;MARGARITA;SANTA FE;VERA
3483;PEDRO GOMEZ CELLO;SANTA FE;SAN JUSTO
3483;VERA;SANTA FE;
3487;LIMA;BUENOS AIRES;ZARATE
3487;ZARATE;BUENOS AIRES;ZARATE
3489;CAMPANA;BUENOS AIRES;CAMPANA
3489;ING. ROMULO OTAMENDI;BUENOS AIRES;
3491;AMBROSETTI;SANTA FE;SAN CRISTOBAL
3491;ARRUFO;SANTA FE;SAN CRISTOBAL
3491;CERES;SANTA FE;SAN CRISTOBAL
3491;ESTEBAN RAMS;SANTA FE;NUEVE DE JULIO
3491;GATO COLORADO;SANTA FE;NUEVE DE JULIO
3491;GREGORIA PEREZ DE DENIS;SANTA FE;NUEVE DE JULIO
3491;HERSILIA;SANTA FE;SAN CRISTOBAL
3491;LA RUBIA;SANTA FE;SAN CRISTOBAL
3491;LOGROÑO;SANTA FE;NUEVE DE JULIO
3491;LOS SALADILLOS;SANTA FE;
3491;MONTEFIORE;SANTA FE;NUEVE DE JULIO
3491;POZO BORRADO;SANTA FE;NUEVE DE JULIO
3491;SAN BERNARDO;SANTA FE;SAN JUSTO
3491;SANTA MARGARITA;SANTA FE;NUEVE DE JULIO
3491;TOSTADO;SANTA FE;NUEVE DE JULIO
3491;VILLA MINETTI;SANTA FE;NUEVE DE JULIO
3491;VILLA TRINIDAD;SANTA FE;SAN CRISTOBAL
3492;ANGELICA;SANTA FE;CASTELLANOS
3492;AURELIA SUR;SANTA FE;CASTELLANOS
3492;BAUER Y SIGEL;SANTA FE;CASTELLANOS
3492;BELLA ITALIA;SANTA FE;CASTELLANOS
3492;CASTELLANOS;SANTA FE;CASTELLANOS
3492;CLUCELLAS;SANTA FE;CASTELLANOS
3492;COLONIA CELLO;SANTA FE;CASTELLANOS
3492;COLONIA MARGARITA;SANTA FE;CASTELLANOS
3492;CORONEL FRAGA;SANTA FE;CASTELLANOS
3492;EGUSQUIZA;SANTA FE;CASTELLANOS
3492;ESMERALDA;SANTA FE;CASTELLANOS
3492;ESTACION CLUCELLAS;SANTA FE;CASTELLANOS
3492;JOSEFINA;SANTA FE;CASTELLANOS
3492;LEHMANN;SANTA FE;CASTELLANOS
3492;PRESIDENTE ROCA;SANTA FE;CASTELLANOS
3492;RAFAELA;SANTA FE;CASTELLANOS
3492;RAMONA;SANTA FE;CASTELLANOS
3492;SAGUIER;SANTA FE;CASTELLANOS
3492;SAN VICENTE;SANTA FE;CASTELLANOS
3492;SANTA CLARA DE SAGUIER;SANTA FE;CASTELLANOS
3492;SUSANA;SANTA FE;CASTELLANOS
3492;VILA;SANTA FE;CASTELLANOS
3492;VILLA SAN JOSE;SANTA FE;CASTELLANOS
3493;ATALIVA;SANTA FE;CASTELLANOS
3493;COLONIA ALDAO;SANTA FE;
3493;COLONIA BICHA;SANTA FE;CASTELLANOS
3493;COLONIA TACURALES;SANTA FE;CASTELLANOS
3493;EUSEBIA;SANTA FE;CASTELLANOS
3493;GALISTEO;SANTA FE;
3493;HUMBERTO PRIMO;SANTA FE;CASTELLANOS
3493;RAQUEL;SANTA FE;CASTELLANOS
3493;SUNCHALES;SANTA FE;CASTELLANOS
3493;TACURAL;SANTA FE;CASTELLANOS
3496;CAVOUR;SANTA FE;LAS COLONIAS
3496;COLONIA PUJOL;SANTA FE;
3496;ESPERANZA;SANTA FE;LAS COLONIAS
3496;FELICIA;SANTA FE;LAS COLONIAS
3496;GRUTLY SUR;SANTA FE;
3496;HUMBOLDT;SANTA FE;LAS COLONIAS
3496;NUEVO TORINO;SANTA FE;LAS COLONIAS
3496;RIVADAVIA;SANTA FE;
3497;CAMPO ANDINO;SANTA FE;LA CAPITAL
3497;CAYASTACITO;SANTA FE;SAN JUSTO
3497;COLONIA ESTHER;SANTA FE;
3497;CULULU;SANTA FE;LAS COLONIAS
3497;EMILIA;SANTA FE;LA CAPITAL
3497;LA PELADA;SANTA FE;LAS COLONIAS
3497;LLAMBI CAMPBELL;SANTA FE;LA CAPITAL
3497;MARIA LUISA;SANTA FE;LAS COLONIAS
3497;PROGRESO;SANTA FE;LAS COLONIAS
3497;PROVIDENCIA;SANTA FE;LAS COLONIAS
3497;SANTO DOMINGO;SANTA FE;LAS COLONIAS
3497;SARMIENTO;SANTA FE;LAS COLONIAS
3497;SOUTO MAYOR;SANTA FE;
3498;ELISA;SANTA FE;LAS COLONIAS
3498;GOBERNADOR CRESPO;SANTA FE;SAN JUSTO
3498;LA CAMILA;SANTA FE;
3498;LA CRIOLLA;SANTA FE;SAN JUSTO
3498;LA PENCA Y CARAGUATA;SANTA FE;SAN JUSTO
3498;MARCELINO ESCALADA;SANTA FE;SAN JUSTO
3498;NARE;SANTA FE;SAN JUSTO
3498;RAMAYON;SANTA FE;SAN JUSTO
3498;SAN JUSTO;SANTA FE;SAN JUSTO
3498;SAN MARTIN NORTE;SANTA FE;SAN JUSTO
3498;SOLEDAD;SANTA FE;SAN CRISTOBAL
3498;VERA Y PINTADO;SANTA FE;SAN JUSTO
3498;VIDELA;SANTA FE;SAN JUSTO
3498;VILLA SARALEGUI;SANTA FE;SAN CRISTOBAL
351;BOUWER;CORDOBA;SANTA MARIA
351;COLONIA TIROLESA;CORDOBA;COLON
351;CORDOBA;CORDOBA;CAPITAL
351;EL QUEBRACHAL;CORDOBA;
351;FERREYRA;CORDOBA;
351;GUIÑAZU;CORDOBA;COLON
351;JUAREZ CELMAN;CORDOBA;COLON
351;LICEO;CORDOBA;
351;LOS BOULEVARES;CORDOBA;
351;MALAGUEÑO;CORDOBA;SANTA MARIA
351;MALVINAS ARGENTINAS;CORDOBA;COLON
351;MONTE CRISTO;CORDOBA;RIO PRIMERO
351;SANTA ISABEL;CORDOBA;PUNILLA
351;TOLEDO;CORDOBA;SANTA MARIA
351;VILLA ESQUIU;CORDOBA;
351;VILLA RETIRO;CORDOBA;
3521;AGUA HEDIONDA;CORDOBA;
3521;AVELLANEDA;CORDOBA;ISCHILIN
3521;CAMINIAGA;CORDOBA;SOBREMONTE
3521;COPACABANA;CORDOBA;ISCHILIN
3521;CHUÑA;CORDOBA;ISCHILIN
3521;DEAN FUNES;CORDOBA;ISCHILIN
3521;EL TUSCAL;CORDOBA;TULUMBA
3521;GUAYACASTE;CORDOBA;TULUMBA
3521;ISCHILIN;CORDOBA;ISCHILIN
3521;ISLA DE SAN ANTONIO;CORDOBA;
3521;LAS JUNTAS;CORDOBA;RIO SEGUNDO
3521;LAS PALMITAS OESTE;CORDOBA;
3521;LOS CHAÑARES;CORDOBA;
3521;LUCIO VICTOR MANSILLA;CORDOBA;
3521;QUILINO;CORDOBA;ISCHILIN
3521;SAN JOSE DE LA DORMIDA;CORDOBA;TULUMBA
3521;SAN JOSE DE LAS SALINAS;CORDOBA;TULUMBA
3521;SAN PEDRO DE TOYOS;CORDOBA;ISCHILIN
3521;SANTA CRUZ;SANTA CRUZ;CORPEN AIKE
3521;VILLA ALBERTINA;CORDOBA;ISCHILIN
3521;VILLA GUTIERREZ;CORDOBA;ISCHILIN
3521;VILLA TULUMBA;CORDOBA;TULUMBA
3522;AGUA DE ORO;CORDOBA;COLON
3522;CAMPO ALEGRE;CORDOBA;
3522;CAMPO GRANDE;CORDOBA;
3522;CHUÑA HUASI;CORDOBA;SOBREMONTE
3522;EL RODEO;CORDOBA;TULUMBA
3522;ENCRUCIJADAS;CORDOBA;
3522;LA ESPERANZA;CORDOBA;
3522;LAS ARRIAS;CORDOBA;TULUMBA
3522;LOS LIMITES;CORDOBA;
3522;LOS POZOS;CORDOBA;ISCHILIN
3522;LOS TAJAMARES;CORDOBA;
3522;LOS TRES RIOS;CORDOBA;
3522;POZO NUEVO;CORDOBA;SOBREMONTE
3522;SAN FRANCISCO DEL CHAÑAR;CORDOBA;SOBREMONTE
3522;SANTA ANA;CORDOBA;CRUZ DEL EJE
3522;SEBASTIAN ELCANO;CORDOBA;RIO SECO
3522;TOTORILLA;CORDOBA;
3522;RIO SECO;CORDOBA;
3524;EL BAÑADO NORTE;CORDOBA;SAN ALBERTO
3524;LAS PEÑAS NORTE;CORDOBA;TOTORAL
3524;SIMBOLAR;CORDOBA;TOTORAL
3524;VILLA DEL TOTORAL;CORDOBA;TOTORAL
3525;AGUA DE LAS PIEDRAS;CORDOBA;TOTORAL
3525;AGUA DE ORO;CORDOBA;COLON
3525;ASCOCHINGA;CORDOBA;COLON
3525;CAÑADA DE LUQUE;CORDOBA;TOTORAL
3525;COLONIA CAROYA;CORDOBA;COLON
3525;EL QUEBRACHO NORTE;CORDOBA;
3525;EL SAUCE SUR;CORDOBA;
3525;ESTACION SARMIENTO;CORDOBA;TOTORAL
3525;GENERAL PAZ;CORDOBA;COLON
3525;JESUS MARIA;CORDOBA;COLON
3525;LA GRANJA;CORDOBA;COLON
3525;SAN JORGE;CORDOBA;
3525;SINSACATE;CORDOBA;TOTORAL
353;ARROYO ALGODON;CORDOBA;GENERAL SAN MARTIN
353;ARROYO CABRAL;CORDOBA;GENERAL SAN MARTIN
353;AUSONIA;CORDOBA;GENERAL SAN MARTIN
353;BALLESTEROS;CORDOBA;UNION
353;BALLESTEROS SUR;CORDOBA;UNION
353;BENGOLEA;CORDOBA;JUAREZ CELMAN
353;CARRILOBO;CORDOBA;RIO SEGUNDO
353;CHAZON;CORDOBA;GENERAL SAN MARTIN
353;DALMACIO VELEZ SARFIELD;CORDOBA;TERCERO ARRIBA
353;ETRURIA;CORDOBA;GENERAL SAN MARTIN
353;HERNANDO;CORDOBA;TERCERO ARRIBA
353;JAMES CRAIK;CORDOBA;TERCERO ARRIBA
353;LA HERRADURA;CORDOBA;
353;LA LAGUNA;CORDOBA;GENERAL SAN MARTIN
353;LA PALESTINA;CORDOBA;GENERAL SAN MARTIN
353;LA PLAYOSA;CORDOBA;GENERAL SAN MARTIN
353;LAS CUATRO ESQUINAS;CORDOBA;RIO PRIMERO
353;LAS ISLETILLAS;CORDOBA;TERCERO ARRIBA
353;LAS PEÑAS SUR;CORDOBA;TOTORAL
353;LAS PERDICES;CORDOBA;TERCERO ARRIBA
353;LAS PLAYAS;CORDOBA;CRUZ DEL EJE
353;LOS ZORROS;CORDOBA;TERCERO ARRIBA
353;LUCA;CORDOBA;GENERAL SAN MARTIN
353;PASCANAS;CORDOBA;UNION
353;PASCO;CORDOBA;GENERAL SAN MARTIN
353;POZO DEL MOLLE;CORDOBA;RIO SEGUNDO
353;PUNTA DEL AGUA;CORDOBA;TERCERO ARRIBA
353;RAMON J. CARCANO;CORDOBA;UNION
353;SANABRIA;CORDOBA;GENERAL SAN MARTIN
353;SILVIO PELLICO;CORDOBA;GENERAL SAN MARTIN
353;TICINO;CORDOBA;GENERAL SAN MARTIN
353;TIO PUJIO;CORDOBA;GENERAL SAN MARTIN
353;UCACHA;CORDOBA;JUAREZ CELMAN
353;VILLA MARIA;CORDOBA;GENERAL SAN MARTIN
353;VILLA NUEVA;CORDOBA;GENERAL SAN MARTIN
3532;CALCHIN OESTE;CORDOBA;RIO SEGUNDO
3532;COLAZO;CORDOBA;RIO SEGUNDO
3532;COLONIA ALMADA;CORDOBA;TERCERO ARRIBA
3532;COLONIA GARZON;CORDOBA;
3532;COLONIA VIDELA;CORDOBA;RIO SEGUNDO
3532;LAS JUNTURAS;CORDOBA;RIO SEGUNDO
3532;OLIVA;CORDOBA;TERCERO ARRIBA
3532;PAMPAYASTA SUR;CORDOBA;TERCERO ARRIBA
3533;ALICIA;CORDOBA;SAN JUSTO
3533;EL ARAÑADO;CORDOBA;SAN JUSTO
3533;EL FORTIN;CORDOBA;SAN JUSTO
3533;LAS VARAS;CORDOBA;SAN JUSTO
3533;LAS VARILLAS;CORDOBA;SAN JUSTO
3533;SACANTA;CORDOBA;SAN JUSTO
3533;SATURNINO M. LASPIUR;CORDOBA;SAN JUSTO
3533;VILLA SAN ESTEBAN;CORDOBA;SAN JUSTO
3537;ALTO ALEGRE;CORDOBA;UNION
3537;BELL VILLE;CORDOBA;UNION
3537;CINTRA;CORDOBA;UNION
3537;CUATRO CAMINOS;CORDOBA;
3537;CHILIBROSTE;CORDOBA;UNION
3537;IDIAZABAL;CORDOBA;UNION
3537;JUSTINIANO POSSE;CORDOBA;UNION
3537;LABORDE;CORDOBA;UNION
3537;LAS LAGUNITAS;CORDOBA;
3537;MONTE LEÑA;CORDOBA;UNION
3537;MORRISON;CORDOBA;UNION
3537;ORDOÑEZ;CORDOBA;UNION
3537;SAN ANTONIO DE LITIN;CORDOBA;UNION
3537;SAN MARCOS SUD;CORDOBA;UNION
3537;VILLA LOS PATOS;CORDOBA;UNION
3541;BIALET MASSE;CORDOBA;PUNILLA
3541;COSQUIN;CORDOBA;PUNILLA
3541;SAN ANTONIO DE ARREDONDO;CORDOBA;PUNILLA
3541;SANTA MARIA DE PUNILLA;CORDOBA;PUNILLA
3541;TANTI;CORDOBA;PUNILLA
3541;VILLA CARLOS PAZ;CORDOBA;PUNILLA
3541;VILLA RIO ICHO CRUZ;CORDOBA;PUNILLA
3541;VILLA SAN NICOLAS;CORDOBA;
3541;VILLA SANTA CRUZ DEL LAGO;SANTA CRUZ;
3542;AGUA DEL CRISPIN;CORDOBA;RIO PRIMERO
3542;ALTO GRANDE;CORDOBA;
3542;AMBUL;CORDOBA;SAN ALBERTO
3542;BAJO DE LOS CORRALES;CORDOBA;SAN ALBERTO
3542;BELLA VISTA;CORDOBA;
3542;CANDELARIA;CORDOBA;TOTORAL
3542;CAPILLA LA CANDELARIA;CORDOBA;
3542;CIENAGA DE BRITOS;CORDOBA;
3542;CIENAGA DEL CORO;CORDOBA;MINAS
3542;CRUZ DE CAÑA;CORDOBA;CRUZ DEL EJE
3542;CHANCANI;CORDOBA;POCHO
3542;EL QUEMADO;CORDOBA;
3542;ESTANCIA GUADALUPE;CORDOBA;MINAS
3542;GUASAPAMPA;CORDOBA;MINAS
3542;LA ARGENTINA;CORDOBA;MINAS
3542;LA HIGUERA;CORDOBA;CRUZ DEL EJE
3542;LA PLAYA;CORDOBA;MINAS
3542;LA SIERRITA;CORDOBA;SANTA MARIA
3542;LOS BARRIALES;CORDOBA;
3542;LOS MEDANITOS;CORDOBA;
3542;MORTERITOS;CORDOBA;SAN ALBERTO
3542;MUSSI;CORDOBA;SAN ALBERTO
3542;NINALQUIN;CORDOBA;
3542;OJO DE AGUA;CORDOBA;
3542;OJO DE AGUA SUR;CORDOBA;
3542;PIEDRAS ANCHAS;CORDOBA;
3542;RUMIACO;CORDOBA;
3542;SAGRADA FAMILIA;CORDOBA;RIO PRIMERO
3542;SALSACATE;CORDOBA;POCHO
3542;SAN CARLOS MINAS;CORDOBA;MINAS
3542;SAN JERONIMO;CORDOBA;POCHO
3542;SIERRA DE PAREDES;CORDOBA;
3542;TALA CAÑADA;CORDOBA;POCHO
3542;TOSNO;CORDOBA;MINAS
3542;VILLA DE POCHO;CORDOBA;POCHO
3543;ARGÜELLO;CORDOBA;
3543;CABANA;CORDOBA;ISCHILIN
3543;DUMESNIL;CORDOBA;
3543;LA CALERA;CORDOBA;COLON
3543;MENDIOLAZA;CORDOBA;COLON
3543;RIO CEBALLOS;CORDOBA;COLON
3543;SALDAN;CORDOBA;COLON
3543;SALSIPUEDES;CORDOBA;COLON
3543;UNQUILLO;CORDOBA;COLON
3544;CIENAGA DE ALLENDE;CORDOBA;SAN ALBERTO
3544;CONLARA;CORDOBA;SAN JAVIER
3544;EL MEDANITO;CORDOBA;
3544;EL PERCHEL;CORDOBA;
3544;LA CONCEPCION;CORDOBA;SAN JUSTO
3544;LA PAZ;CORDOBA;SAN JAVIER
3544;LA POBLACION;CORDOBA;SAN JAVIER
3544;LA TRAVESIA;CORDOBA;SAN JAVIER
3544;LAS CALLES;CORDOBA;SAN ALBERTO
3544;LAS CORTADERAS;CORDOBA;
3544;LAS TAPIAS NORTE;CORDOBA;SAN JAVIER
3544;LOS CALLEJONES;CORDOBA;SAN ALBERTO
3544;LOS CERRILLOS;CORDOBA;SAN JAVIER
3544;LOS HORNILLOS;CORDOBA;SAN JAVIER
3544;LOS MANANTIALES;CORDOBA;
3544;LOS ROMEROS;CORDOBA;
3544;LUYABA;CORDOBA;SAN JAVIER
3544;MINA CLAVERO;CORDOBA;SAN ALBERTO
3544;NONO;CORDOBA;
3544;OJO DE AGUA;CORDOBA;
3544;PANAHOLMA;CORDOBA;SAN ALBERTO
3544;PIEDRA PINTADA;CORDOBA;
3544;QUEBRACHO LADEADO;CORDOBA;SAN JAVIER
3544;SAN JAVIER;CORDOBA;CALAMUCHITA
3544;SAN JOSE;CORDOBA;SAN JAVIER
3544;SAN MIGUEL;CORDOBA;
3544;SAN RAFAEL;CORDOBA;
3544;SAN VICENTE;CORDOBA;TULUMBA
3544;SAUCE ARRIBA;CORDOBA;SAN ALBERTO
3544;VILLA DOLORES;CORDOBA;SAN JAVIER
3544;VILLA LAS ROSAS;CORDOBA;
3544;VILLA RAFAEL BENEGAS;CORDOBA;SAN ALBERTO
3544;YACANTO;CORDOBA;SAN JAVIER
3546;AMBOY;CORDOBA;CALAMUCHITA
3546;ATOS PAMPA;CORDOBA;
3546;BAHIA AGRADABLE;CORDOBA;
3546;CAÑADA DEL SAUCE;CORDOBA;CALAMUCHITA
3546;CERRO PELADO;CORDOBA;
3546;EL CORCOVADO;CORDOBA;CALAMUCHITA
3546;EL DURAZNO SUR;CORDOBA;CALAMUCHITA
3546;INTI YACO;CORDOBA;CALAMUCHITA
3546;LA CRUZ;CORDOBA;CALAMUCHITA
3546;LA CUMBRECITA;CORDOBA;CALAMUCHITA
3546;LOS REARTES;CORDOBA;CALAMUCHITA
3546;LUTTI;CORDOBA;CALAMUCHITA
3546;POTRERO DE LUJAN;CORDOBA;
3546;SAN IGNACIO SUR;CORDOBA;
3546;SANTA ROSA DE CALAMUCHITA;CORDOBA;CALAMUCHITA
3546;VILLA ALPINA;CORDOBA;CALAMUCHITA
3546;VILLA AMANCAY;CORDOBA;CALAMUCHITA
3546;VILLA BERNA;CORDOBA;CALAMUCHITA
3546;VILLA DEL DIQUE;CORDOBA;CALAMUCHITA
3546;VILLA GENERAL BELGRANO;CORDOBA;CALAMUCHITA
3546;VILLA PARQUE LOS REARTES;CORDOBA;CALAMUCHITA
3546;VILLA RUMIPAL;CORDOBA;CALAMUCHITA
3546;VILLA SANTA MONICA;CORDOBA;
3546;VILLA YACANTO;CORDOBA;CALAMUCHITA
3547;ALTA GRACIA;CORDOBA;SANTA MARIA
3547;ANIZACATE;CORDOBA;
3547;BAHIA TONON;CORDOBA;
3547;BAJO CHICO;CORDOBA;
3547;BOCA DEL RIO;CORDOBA;SAN JAVIER
3547;COLONIA EVITA;CORDOBA;
3547;DESPEÑADEROS;CORDOBA;SANTA MARIA
3547;FALDA DEL CARMEN;CORDOBA;SANTA MARIA
3547;GOLPE DE AGUA;CORDOBA;
3547;JOSE DE LA QUINTANA;CORDOBA;SANTA MARIA
3547;LA BOLSA;CORDOBA;SANTA MARIA
3547;LA PAISANITA;CORDOBA;SANTA MARIA
3547;LA SERRANITA;CORDOBA;SANTA MARIA
3547;LOS CEDROS;CORDOBA;SANTA MARIA
3547;LOS MOLINOS;CORDOBA;CALAMUCHITA
3547;MONTE RALO;CORDOBA;SANTA MARIA
3547;OBSERVATORIO;CORDOBA;
3547;POTRERO DE GARAY;CORDOBA;SANTA MARIA
3547;RAFAEL GARCIA;CORDOBA;SANTA MARIA
3547;SAN AGUSTIN;CORDOBA;CALAMUCHITA
3547;SAN CLEMENTE;CORDOBA;SANTA MARIA
3547;SANTA ANA;CORDOBA;CRUZ DEL EJE
3547;VALLE CAUNTRY CLUB;CORDOBA;
3547;VILLA CIUDAD DE AMERICA;CORDOBA;SANTA MARIA
3547;VILLA DIQUE LOS MOLINOS;CORDOBA;CALAMUCHITA
3547;VILLA LA MARCED;CORDOBA;
3547;VILLA LOS AROMOS;CORDOBA;SANTA MARIA
3547;VILLA LOS MOLINOS NORTE;CORDOBA;CALAMUCHITA
3547;VILLA SAN ISIDRO;CORDOBA;SANTA MARIA
3548;CANTERAS IGUAZU;CORDOBA;
3548;CAPILLA DEL MONTE;CORDOBA;PUNILLA
3548;CASA GRANDE;CORDOBA;PUNILLA
3548;CHARBONIER;CORDOBA;PUNILLA
3548;DOLORES;CORDOBA;SAN JAVIER
3548;ESCUELA EL PANTANO;CORDOBA;
3548;LA CUMBRE;CORDOBA;PUNILLA
3548;LA FALDA;CORDOBA;PUNILLA
3548;LOS COCOS;CORDOBA;PUNILLA
3548;NEGRO HUASI;CORDOBA;CRUZ DEL EJE
3548;ONGAMIRA;CORDOBA;
3548;ORO GRUESO;CORDOBA;
3548;PIEDRAS GRANDES;CORDOBA;
3548;SAN ESTEBAN;CORDOBA;PUNILLA
3548;VALLE HERMOSO;CORDOBA;PUNILLA
3548;VILLA GIARDINO;CORDOBA;PUNILLA
3549;AGUAS DE RAMON;CORDOBA;
3549;BAÑADO DE SOTO;CORDOBA;CRUZ DEL EJE
3549;CANTERAS QUILPIO;CORDOBA;
3549;CRUZ DEL EJE;CORDOBA;CRUZ DEL EJE
3549;EL BRETE;CORDOBA;CRUZ DEL EJE
3549;EMBALSE PICHANAS;CORDOBA;CALAMUCHITA
3549;GUANACO MUERTO;CORDOBA;CRUZ DEL EJE
3549;LA BATEA;CORDOBA;CRUZ DEL EJE
3549;LOS LEONES;CORDOBA;
3549;MEDIA NARANJA;CORDOBA;CRUZ DEL EJE
3549;PASO VIEJO;CORDOBA;CRUZ DEL EJE
3549;PICHANAS;CORDOBA;SAN JUSTO
3549;PIEDRA ANCHA;CORDOBA;
3549;SAN ANTONIO;CORDOBA;CALAMUCHITA
3549;SAN MARCOS SIERRA;CORDOBA;CRUZ DEL EJE
3549;SERREZUELA;CORDOBA;CRUZ DEL EJE
3549;TOTORA HUASI;CORDOBA;
3549;VILLA DE SOTO;CORDOBA;CRUZ DEL EJE
3562;ALTOS DE CHIPION;CORDOBA;SAN JUSTO
3562;BRINKMANN;CORDOBA;SAN JUSTO
3562;COLONIA DIEZ DE JULIO;CORDOBA;SAN JUSTO
3562;COLONIA MILESI;CORDOBA;
3562;COLONIA ROSA;CORDOBA;
3562;COLONIA SAN PEDRO;CORDOBA;SAN JUSTO
3562;COLONIA VIGNAUD;CORDOBA;SAN JUSTO
3562;LA PAQUITA;CORDOBA;SAN JUSTO
3562;MORTEROS;CORDOBA;SAN JUSTO
3562;SAN GUILLERMO;CORDOBA;
3562;SEEBER;CORDOBA;SAN JUSTO
3562;SUARDI;CORDOBA;
3563;BALNEARIA;CORDOBA;SAN JUSTO
3563;MARULL;CORDOBA;SAN JUSTO
3563;MIRAMAR;CORDOBA;SAN JUSTO
3564;COLONIA CASTELAR;CORDOBA;
3564;COLONIA MARINA;CORDOBA;SAN JUSTO
3564;COLONIA PROSPERIDAD;CORDOBA;SAN JUSTO
3564;COLONIA SAN BARTOLOME;CORDOBA;SAN JUSTO
3564;DEVOTO;CORDOBA;SAN JUSTO
3564;FREYRE;CORDOBA;SAN JUSTO
3564;LA FRANCIA;CORDOBA;SAN JUSTO
3564;PLAZA LUXARDO;CORDOBA;SAN JUSTO
3564;PORTEÑA;CORDOBA;SAN JUSTO
3564;QUEBRACHO HERRADO;CORDOBA;SAN JUSTO
3564;SAN FRANCISCO;CORDOBA;SAN JUSTO
3564;ZENON PEREYRA;CORDOBA;
3571;ALMAFUERTE;CORDOBA;TERCERO ARRIBA
3571;CORRALITO;CORDOBA;TERCERO ARRIBA
3571;EMBALSE;CORDOBA;CALAMUCHITA
3571;GENERAL FOTHERINGHAM;CORDOBA;TERCERO ARRIBA
3571;LAS BAJADAS;CORDOBA;CALAMUCHITA
3571;LOS CONDORES;CORDOBA;CALAMUCHITA
3571;RIO TERCERO;CORDOBA;TERCERO ARRIBA
3571;TANCACHA;CORDOBA;TERCERO ARRIBA
3571;TRES POZOS;CORDOBA;
3571;VILLA ASCASUBI;CORDOBA;TERCERO ARRIBA
3572;COSME SUR;CORDOBA;
3572;COSTA SACATE;CORDOBA;RIO SEGUNDO
3572;IMPIRA;CORDOBA;RIO SEGUNDO
3572;LAGUNA LARGA;CORDOBA;RIO SEGUNDO
3572;LOZADA;CORDOBA;SANTA MARIA
3572;MANFREDI;CORDOBA;RIO SEGUNDO
3572;ONCATIVO;CORDOBA;RIO SEGUNDO
3572;PILAR;CORDOBA;RIO SEGUNDO
3572;RIO SEGUNDO;CORDOBA;RIO SEGUNDO
3573;CALCHIN;CORDOBA;RIO SEGUNDO
3573;CAÑADA DEL MACHADO SUR;CORDOBA;RIO PRIMERO
3573;CAPILLA DEL CARMEN;CORDOBA;RIO SEGUNDO
3573;COSTA ALEGRE;CORDOBA;
3573;LUQUE;CORDOBA;RIO SEGUNDO
3573;MATORRALES;CORDOBA;RIO SEGUNDO
3573;RINCON;CORDOBA;RIO SEGUNDO
3573;VILLA DEL ROSARIO;CORDOBA;RIO SEGUNDO
3574;CAÑADA DEL MACHADO NORTE;CORDOBA;
3574;CAPILLA DE LA SAGRADA FAMILIA;CORDOBA;RIO PRIMERO
3574;CAPILLA DE LOS REMEDIOS;CORDOBA;RIO PRIMERO
3574;COLONIA EL FORTIN;CORDOBA;SAN JUSTO
3574;COMECHINGONES;CORDOBA;RIO PRIMERO
3574;EL CRISPIN;CORDOBA;RIO PRIMERO
3574;ESQUINA;CORDOBA;RIO PRIMERO
3574;KILOMETRO 691;CORDOBA;RIO PRIMERO
3574;LOS GUNDOS;CORDOBA;
3574;NUEVA ANDALUCIA;CORDOBA;
3574;PEDRO E VIVAS;CORDOBA;
3574;PIQUILLIN;CORDOBA;RIO PRIMERO
3574;PUESTO DE AFUERA;CORDOBA;
3574;RIO PRIMERO;CORDOBA;RIO PRIMERO
3574;SANTA ROSA DE RIO PRIMERO;CORDOBA;RIO PRIMERO
3574;SANTIAGO TEMPLE;CORDOBA;RIO SEGUNDO
3574;TINOCO;CORDOBA;COLON
3575;ATAHONA;CORDOBA;RIO PRIMERO
3575;CAPILLA DE SITON;CORDOBA;TOTORAL
3575;CHALACEA;CORDOBA;RIO PRIMERO
3575;DIEGO DE ROJAS;CORDOBA;RIO PRIMERO
3575;EL TOSTADO;CORDOBA;
3575;LA ANGOSTURA;CORDOBA;
3575;LA PARA;CORDOBA;RIO PRIMERO
3575;LA POSTA;CORDOBA;RIO PRIMERO
3575;LA PUERTA;CORDOBA;RIO PRIMERO
3575;LA QUINTA;CORDOBA;RIO PRIMERO
3575;LAS AVERIAS;CORDOBA;TULUMBA
3575;LAS PALMITAS ESTE;CORDOBA;
3575;LAS SALADAS;CORDOBA;RIO PRIMERO
3575;MAQUINISTA GALLINI;CORDOBA;RIO PRIMERO
3575;MONTE DEL ROSARIO;CORDOBA;RIO PRIMERO
3575;OBISPO TREJO;CORDOBA;RIO PRIMERO
3575;VILLA FONTANA;CORDOBA;RIO PRIMERO
3576;ARROYITO;CORDOBA;SAN JUSTO
3576;COLONIA COYUNDA;CORDOBA;
3576;COLONIA CUATRO ESQUINAS;CORDOBA;RIO PRIMERO
3576;COLONIA LA TORDILLA;CORDOBA;SAN JUSTO
3576;COLONIA POZO DEL CHAJA;CORDOBA;
3576;EL FUERTECITO;CORDOBA;SAN JUSTO
3576;EL MANANTIAL;CORDOBA;
3576;EL TIO;CORDOBA;SAN JUSTO
3576;LA CORTADERA;CORDOBA;
3576;LA TORDILLA;CORDOBA;SAN JUSTO
3576;LAS GRAMILLAS;CORDOBA;RIO PRIMERO
3576;LOS CHANARITOS;CORDOBA;RIO SEGUNDO
3576;POZO DE LA LOMA;CORDOBA;
3576;TORO PUJIO;CORDOBA;SAN JUSTO
3576;TRANSITO;CORDOBA;SAN JUSTO
3576;VILLA CONCEPCION DEL TIO;CORDOBA;SAN JUSTO
3576;VILLA DEL TRANSITO;CORDOBA;SAN JUSTO
358;ALCIRA;CORDOBA;RIO CUARTO
358;ALEJANDRO ROCA;CORDOBA;JUAREZ CELMAN
358;ALPA CORRAL;CORDOBA;RIO CUARTO
358;BERROTARAN;CORDOBA;RIO CUARTO
358;CARNERILLO;CORDOBA;JUAREZ CELMAN
358;COLONIA DOLORES;CORDOBA;
358;COLONIA EL CARMEN;CORDOBA;
358;CORONEL BAIGORRIA;CORDOBA;RIO CUARTO
358;CHARRAS;CORDOBA;JUAREZ CELMAN
358;CHUCUL;CORDOBA;RIO CUARTO
358;EL BAÑADO;CORDOBA;SAN ALBERTO
358;EL CHACAY;CORDOBA;RIO CUARTO
358;ELENA;CORDOBA;RIO CUARTO
358;ESPINILLO;CORDOBA;SANTA MARIA
358;GENERAL CABRERA;CORDOBA;JUAREZ CELMAN
358;GENERAL DEHEZA;CORDOBA;JUAREZ CELMAN
358;HOLMBERG;CORDOBA;RIO CUARTO
358;HUERTA VIEJA;CORDOBA;
358;LA AGUADA;CORDOBA;
358;LA BARRANQUITA;CORDOBA;
358;LA CALERA CALAMUCHITA;CORDOBA;COLON
358;LA CAROLINA;CORDOBA;RIO CUARTO
358;LA ESQUINA;CORDOBA;RIO PRIMERO
358;LA GILDA;CORDOBA;RIO CUARTO
358;LAS ACEQUIAS;CORDOBA;RIO CUARTO
358;LAS ALBAHACAS;CORDOBA;RIO CUARTO
358;LAS CAÑITAS;CORDOBA;
358;LAS HIGUERAS;CORDOBA;RIO CUARTO
358;LAS QUINTAS;CORDOBA;RIO PRIMERO
358;LAS VERTIENTES;CORDOBA;RIO CUARTO
358;LOS MOLLES;CORDOBA;COLON
358;OLAETA;CORDOBA;JUAREZ CELMAN
358;PASO DEL DURAZNO;CORDOBA;RIO CUARTO
358;RIO CUARTO;CORDOBA;RIO CUARTO
358;RIO DE LOS SAUCES;CORDOBA;CALAMUCHITA
358;RODEO VIEJO;CORDOBA;
358;SAN AMBROSIO;CORDOBA;
358;VILLA REDUCCION;CORDOBA;JUAREZ CELMAN
3582;ACHIRAS;CORDOBA;RIO CUARTO
3582;BULNES;CORDOBA;RIO CUARTO
3582;CORONEL MOLDES;CORDOBA;RIO CUARTO
3582;CHAJAN;CORDOBA;RIO CUARTO
3582;CHAÑARITOS;CORDOBA;RIO SEGUNDO
3582;FRAGUEYRO;CORDOBA;
3582;LOS JAGUELES;CORDOBA;
3582;MALENA;CORDOBA;RIO CUARTO
3582;SAMPACHO;CORDOBA;RIO CUARTO
3582;SUCO;CORDOBA;RIO CUARTO
3583;DEL CAMPILLO;CORDOBA;GENERAL ROCA
3583;GENERAL SOLER;CORDOBA;
3583;LA CAUTIVA;CORDOBA;RIO CUARTO
3583;LA LEGUA;CORDOBA;
3583;MATTALDI;CORDOBA;GENERAL ROCA
3583;NICOLAS BRUZONE;CORDOBA;GENERAL ROCA
3583;TOSQUITA;CORDOBA;RIO CUARTO
3583;VICUÑA MACKENNA;CORDOBA;RIO CUARTO
3583;VILLA SARMIENTO;CORDOBA;SAN ALBERTO
3583;VILLA VALERIA;CORDOBA;GENERAL ROCA
3583;WASHINGTON;CORDOBA;RIO CUARTO
3584;EL RASTREADOR;CORDOBA;JUAREZ CELMAN
3584;HUANCHILLA;CORDOBA;JUAREZ CELMAN
3584;LA CARLOTA;CORDOBA;JUAREZ CELMAN
3584;LOS CISNES;CORDOBA;JUAREZ CELMAN
3584;SANTA EUFEMIA;CORDOBA;JUAREZ CELMAN
3585;ADELIA MARIA;CORDOBA;RIO CUARTO
3585;LA BRIANZA;CORDOBA;
3585;MONTE DE LOS GAUCHOS;CORDOBA;RIO CUARTO
3585;PUNTA DEL AGUA;CORDOBA;TERCERO ARRIBA
3585;SAN BASILIO;CORDOBA;RIO CUARTO
362;BARRIO LOS PESCADORES;CHACO;PRIMERO DE MAYO
362;BASAIL;CHACO;SAN FERNANDO
362;COLONIA BENITEZ;CHACO;PRIMERO DE MAYO
362;COLONIA POPULAR;CHACO;LIBERTAD
362;GENERAL VEDIA;CHACO;BERMEJO
362;ISLA DEL CERRITO;CHACO;BERMEJO
362;LA ESCONDIDA;CHACO;GENERAL DONOVAN
362;LA LEONESA;CHACO;BERMEJO
362;LA VERDE;CHACO;GENERAL DONOVAN
362;LAGUNA BLANCA;CHACO;LIBERTAD
362;LAPACHITO;CHACO;GENERAL DONOVAN
362;MAKALLE;CHACO;GENERAL DONOVAN
362;MARGARITA BELEN;CHACO;PRIMERO DE MAYO
362;PUERTO BASTIANI;CHACO;
362;PUERTO BERMEJO;CHACO;BERMEJO
362;PUERTO TIROL;CHACO;LIBERTAD
362;RESISTENCIA;CHACO;SAN FERNANDO
364;AVIA TERAI;CHACO;INDEPENDENCIA
364;CAMPO LARGO;CHACO;INDEPENDENCIA
364;COLONIA ABORIGEN CHACO;CHACO;VEINTICINCO DE MAYO
364;CONCEPCION DEL BERMEJO;CHACO;ALMIRANTE BROWN
364;EL PALMAR;CHACO;QUITILIPI
364;JUAN JOSE CASTELLI;CHACO;GENERAL GUEMES
364;LA TIGRA;CHACO;O'HIGGINS
364;LOS FRENTONES;CHACO;ALMIRANTE BROWN
364;NAPENAY;CHACO;INDEPENDENCIA
364;PAMPA DEL INFIERNO;CHACO;ALMIRANTE BROWN
364;PRESIDENCIA ROQUE SAENZ PEÑA;CHACO;COMANDANTE FERNANDEZ
364;QUITILIPI;CHACO;QUITILIPI
364;TRES ISLETAS;CHACO;MAIPU
364;VILLA RIO BERMEJITO;CHACO;GENERAL GUEMES
370;COLONIA PASTORIL;FORMOSA;FORMOSA
370;COLONIA VILLAFAÑE;FORMOSA;
370;EL COLORADO;FORMOSA;PIRANE
370;FORMOSA;FORMOSA;FORMOSA
370;GENERAL LUCIO V. MANSILLA;FORMOSA;LAISHI
370;GRAN GUARDIA;FORMOSA;FORMOSA
370;HERRADURA;FORMOSA;LAISHI
370;MOJON DE FIERRO;FORMOSA;FORMOSA
370;PALO SANTO;FORMOSA;PIRANE
370;PIRANE;FORMOSA;PIRANE
370;SAN FRANCISCO DE LAISHI;FORMOSA;LAISHI
370;SAN HILARIO;FORMOSA;FORMOSA
370;VILLA DOS TRECE;FORMOSA;PIRANE
3711;COMANDANTE FRIAS;CHACO;
3711;GENERAL MOSCONI;FORMOSA;RAMON LISTA
3711;INGENIERO GUILLERMO N. JUAREZ;FORMOSA;MATACOS
3711;LOS CHIRIGÜANOS;FORMOSA;BERMEJO
3711;MARIA CRISTINA;FORMOSA;RAMON LISTA
3715;LAGUNA YEMA;FORMOSA;BERMEJO
3715;LAS LOMITAS;FORMOSA;PATINO
3715;NUEVA POMPEYA;CHACO;GENERAL GUEMES
3715;POZO DEL TIGRE;FORMOSA;PATINO
3715;SAUZALITO;CHACO;GENERAL GUEMES
3716;COMANDANTE FONTANA;FORMOSA;PATINO
3716;ESTANISLAO DEL CAMPO;FORMOSA;PATINO
3716;GENERAL MANUEL BELGRANO;FORMOSA;PATINO
3716;IBARRETA;FORMOSA;PATINO
3716;SAN MARTIN;FORMOSA;PATINO
3716;VILLA GENERAL GÜEMES;FORMOSA;PATINO
3718;CLORINDA;FORMOSA;PILCOMAYO
3718;COLONIA BUENA VISTA;FORMOSA;PILAGAS
3718;EL ESPINILLO;FORMOSA;PILAGAS
3718;LAGUNA BLANCA;FORMOSA;PILCOMAYO
3718;LAGUNA GALLO;FORMOSA;PILAGAS
3718;LAGUNA NAICK NECK;FORMOSA;PILCOMAYO
3718;MISION TACAAGLE;FORMOSA;PILAGAS
3718;PALMA SOLA;FORMOSA;PILCOMAYO
3718;RIACHO HE-HE;FORMOSA;PILCOMAYO
3718;SIETE PALMAS;FORMOSA;PILCOMAYO
3718;TRES LAGUNAS;FORMOSA;PILAGAS
3721;COTE LAI;CHACO;TAPENAGA
3721;CHARADAI;CHACO;TAPENAGA
3721;LA SABANA;CHACO;TAPENAGA
3725;CAPITAN SOLARI;CHACO;SARGENTO CABRAL
3725;COLONIA LAS GARCITAS;CHACO;SARGENTO CABRAL
3725;COLONIAS UNIDAS;CHACO;SARGENTO CABRAL
3725;GENERAL JOSE DE SAN MARTIN;CHACO;LIBERTADOR GENERAL SAN MARTIN
3725;LAGUNA LIMPIA;CHACO;LIBERTADOR GENERAL SAN MARTIN
3725;LAS GARCITAS;CHACO;SARGENTO CABRAL
3725;PAMPA ALMIRON;CHACO;LIBERTADOR GENERAL SAN MARTIN
3725;PAMPA DEL INDIO;CHACO;LIBERTADOR GENERAL SAN MARTIN
3725;PRESIDENCIA ROCA;CHACO;LIBERTADOR GENERAL SAN MARTIN
3725;SELVAS DEL RIO DE ORO;CHACO;LIBERTADOR GENERAL SAN MARTIN
3731;CORZUELA;CHACO;GENERAL BELGRANO
3731;CHARATA;CHACO;CHACABUCO
3731;GANCEDO;CHACO;DOCE DE OCTUBRE
3731;GENERAL PINEDO;CHACO;DOCE DE OCTUBRE
3731;LAS BREÑAS;CHACO;NUEVE DE JULIO
3734;COLONIA ELISA;CHACO;SARGENTO CABRAL
3734;EL CURUNDU;CHACO;
3734;ING. BARBET;CHACO;
3734;MACHAGAI;CHACO;VEINTICINCO DE MAYO
3734;PRESIDENCIA DE LA PLAZA;CHACO;PRESIDENCIA DE LA PLAZA
3735;COLONIA D. MATHEU;CHACO;
3735;CORONEL DU GRATY;CHACO;MAYOR LUIS JORGE FONTANA
3735;ENRIQUE URIEN;CHACO;MAYOR LUIS JORGE FONTANA
3735;HERMOSO CAMPO;CHACO;DOS DE ABRIL
3735;LA CLOTILDE;CHACO;O'HIGGINS
3735;PUEBLO CLODOMIRO DIAZ;CHACO;
3735;SAMUHU;CHACO;SAN LORENZO
3735;SAN BERNARDO;CHACO;O'HIGGINS
3735;SANTA SYLVINA;CHACO;FRAY JUSTO SANTA MARIA DE ORO
3735;VILLA ANGELA;CHACO;MAYOR LUIS JORGE FONTANA
3735;VILLA BERTHET;CHACO;SAN LORENZO
3741;BERNARDO DE IRIGOYEN;MISIONES;GENERAL MANUEL BELGRANO
3741;SAN ANTONIO;MISIONES;GENERAL MANUEL BELGRANO
3743;CAPIOVI;MISIONES;LIBERTADOR GENERAL SAN MARTIN
3743;GARUHAPE;MISIONES;LIBERTADOR GENERAL SAN MARTIN
3743;JARDIN AMERICA;MISIONES;SAN IGNACIO
3743;OASIS;MISIONES;SAN IGNACIO
3743;PUERTO LEONI;MISIONES;LIBERTADOR GENERAL SAN MARTIN
3743;PUERTO RICO;MISIONES;LIBERTADOR GENERAL SAN MARTIN
3743;RUIZ DE MONTOYA;MISIONES;LIBERTADOR GENERAL SAN MARTIN
3751;9 DE JULIO;MISIONES;ELDORADO
3751;CARAGUATAY;MISIONES;MONTECARLO
3751;COLONIA VICTORIA;MISIONES;ELDORADO
3751;EL ALCAZAR;MISIONES;LIBERTADOR GENERAL SAN MARTIN
3751;ELDORADO;MISIONES;ELDORADO
3751;MARIA MAGDALENA;MISIONES;ELDORADO
3751;MONTECARLO;MISIONES;MONTECARLO
3751;PUERTO PIRAY;MISIONES;MONTECARLO
3751;SAN PEDRO;MISIONES;SAN PEDRO
3751;TARUMA;MISIONES;MONTECARLO
3751;VILLA ROULET;MISIONES;ELDORADO
3754;ALMAFUERTE;MISIONES;LEANDRO N. ALEM
3754;DOS ARROYOS;MISIONES;LEANDRO N. ALEM
3754;GOBERNADOR LOPEZ;MISIONES;LEANDRO N. ALEM
3754;ITACARUARE;MISIONES;SAN JAVIER
3754;LEANDRO N. ALEM;MISIONES;LEANDRO N. ALEM
3754;MOJON GRANDE;MISIONES;SAN JAVIER
3754;PANAMBI KM 15;MISIONES;OBERA
3754;PANAMBI KM8;MISIONES;OBERA
3754;SAN JAVIER;MISIONES;SAN JAVIER
3755;2 DE MAYO;MISIONES;
3755;25 DE MAYO;MISIONES;VEINTICINCO DE MAYO
3755;ALBA POSSE;MISIONES;VEINTICINCO DE MAYO
3755;ARISTOBULO DEL VALLE;MISIONES;CAINGUAS
3755;CAMPO GRANDE;MISIONES;CAINGUAS
3755;CAMPO RAMON;MISIONES;OBERA
3755;CAMPO VIERA;MISIONES;OBERA
3755;COLONIA ALBERDI;MISIONES;OBERA
3755;COLONIA AURORA;MISIONES;VEINTICINCO DE MAYO
3755;EL SOBERBIO;MISIONES;GUARANI
3755;OBERA;MISIONES;OBERA
3755;PUEBLO GUARANI;MISIONES;OBERA
3755;SALTO DEL MOCONA;MISIONES;
3755;SAN MARTIN;MISIONES;OBERA
3755;SAN VICENTE;MISIONES;GUARANI
3755;SANTA RITA;MISIONES;VEINTICINCO DE MAYO
3755;VILLA BONITA;MISIONES;OBERA
3755;VILLA SALTO ENCANTADO;MISIONES;CAINGUAS
3756;GALARZA;CORRIENTES;
3756;GOBERNADOR VIRASORO;CORRIENTES;
3756;GOMEZ CUE;CORRIENTES;
3756;HORMIGUERO;CORRIENTES;
3756;SANTO TOME;CORRIENTES;SANTO TOME
3757;ANDRESITO;MISIONES;GENERAL MANUEL BELGRANO
3757;GOBERNADOR J. J. LANUSSE;MISIONES;
3757;PUERTO ESPERANZA;MISIONES;IGUAZU
3757;PUERTO IGUAZU;MISIONES;IGUAZU
3757;PUERTO LIBERTAD;MISIONES;IGUAZU
3757;WANDA;MISIONES;
3758;APOSTOLES;MISIONES;APOSTOLES
3758;AZARA;MISIONES;APOSTOLES
3758;CENTINELA;MISIONES;
3758;CONCEPCION DE LA SIERRA;MISIONES;CONCEPCION
3758;GARABI;MISIONES;
3758;GARRUCHOS;MISIONES;
3758;PLAYADITO;MISIONES;
3758;SAN CARLOS;MISIONES;
3758;SAN JOSE;MISIONES;APOSTOLES
376;BONPLAND;MISIONES;CANDELARIA
376;CANDELARIA;MISIONES;CANDELARIA
376;CERRO AZUL;MISIONES;LEANDRO N. ALEM
376;CERRO CORA;MISIONES;CANDELARIA
376;CORPUS;MISIONES;SAN IGNACIO
376;GARUPA;MISIONES;CAPITAL
376;GOBERNADOR ROCA;MISIONES;SAN IGNACIO
376;HIPOLITO YRIGOYEN;MISIONES;SAN IGNACIO
376;POSADAS;MISIONES;CAPITAL
376;SAN IGNACIO;MISIONES;SAN IGNACIO
376;SANTA ANA;MISIONES;CANDELARIA
376;SANTO PIPO;MISIONES;SAN IGNACIO
3772;ALVEAR;CORRIENTES;GENERAL ALVEAR
3772;GUAVIRAVI;CORRIENTES;SAN MARTIN
3772;LA CRUZ;CORRIENTES;SAN MARTIN
3772;PANCHO CUE;CORRIENTES;
3772;PARAJE ESTINGANA;CORRIENTES;
3772;PASO DE LOS LIBRES;CORRIENTES;PASO DE LOS LIBRES
3772;TAPEBICUA;CORRIENTES;PASO DE LOS LIBRES
3772;YAPEYU;CORRIENTES;SAN MARTIN
3772;YURUCUA;CORRIENTES;
3773;AGUAY;CORRIENTES;
3773;CAPITA MINI;CORRIENTES;
3773;COLONIA CARLOS PELLEGRINI;CORRIENTES;SAN MARTIN
3773;CHAVARRIA;CORRIENTES;SAN ROQUE
3773;FELIPE YOFRE;CORRIENTES;MERCEDES
3773;MERCEDES;CORRIENTES;MERCEDES
3773;PASO BUENA VISTA;CORRIENTES;
3773;PERUGORRIA;CORRIENTES;CURUZU CUATIA
3773;SOLARI;CORRIENTES;MERCEDES
3774;BAIBIENE;CORRIENTES;
3774;CURUZU CUATIA;CORRIENTES;CURUZU CUATIA
3774;CHAÑAR;CORRIENTES;
3774;SAUCE;CORRIENTES;SAUCE
3775;BOMPLAND;CORRIENTES;PASO DE LOS LIBRES
3775;COLONIA LIBERTAD;CORRIENTES;MONTE CASEROS
3775;JUAN PUJOL;CORRIENTES;MONTE CASEROS
3775;MOCORETA;CORRIENTES;MONTE CASEROS
3775;MONTE CASEROS;CORRIENTES;MONTE CASEROS
3775;SAN ANTONIO;CORRIENTES;ITUZAINGO
3777;9 DE JULIO;CORRIENTES;SAN ROQUE
3777;BELLA VISTA;CORRIENTES;BELLA VISTA
3777;CAFARREÑO;CORRIENTES;
3777;COLONIA CAROLINA;CORRIENTES;GOYA
3777;COLONIA CECILIO ECHAVARRIA;CORRIENTES;LAVALLE
3777;COLONIA PORVENIR;CORRIENTES;
3777;COLONIA PROGRESO;CORRIENTES;
3777;COLONIA TRES DE ABRIL;CORRIENTES;BELLA VISTA
3777;DESMOCHADO;CORRIENTES;
3777;ESQUINA;CORRIENTES;ESQUINA
3777;GOBERNADOR MARTINEZ;CORRIENTES;
3777;GOYA;CORRIENTES;GOYA
3777;GUAYQUIRARO;CORRIENTES;
3777;IFRAN;CORRIENTES;
3777;LAVALLE;CORRIENTES;LAVALLE
3777;MALVINAS;CORRIENTES;
3777;MANUEL F MANTILLA;CORRIENTES;
3777;PAGO REDONDO;CORRIENTES;
3777;PARAJE MARUCHAS;CORRIENTES;
3777;PARAJE SAN ISIDRO;CORRIENTES;GOYA
3777;PARAJE SANTILLAN;CORRIENTES;
3777;PUEBLO LIBERTADOR;CORRIENTES;ESQUINA
3777;SAN ROQUE;CORRIENTES;SAN ROQUE
3777;SANTA LUCIA;CORRIENTES;LAVALLE
3777;YATAITY CALLE;CORRIENTES;
3781;BERON DE ASTRADA;CORRIENTES;BERON DE ASTRADA
3781;CAA CATI;CORRIENTES;GENERAL PAZ
3781;COLONIA MADARIAGA;CORRIENTES;
3781;ITA IBATE;CORRIENTES;GENERAL PAZ
3781;LORETO;CORRIENTES;SAN MIGUEL
3781;PASO FLORENTIN;CORRIENTES;
3781;SAN MIGUEL;CORRIENTES;SAN MIGUEL
3782;ANGUA;CORRIENTES;
3782;COLONIA PANDO;CORRIENTES;SAN ROQUE
3782;COLONIA SARGENTO CABRAL;CORRIENTES;
3782;COLONIA TATACUA;CORRIENTES;CONCEPCION
3782;CONCEPCION;CORRIENTES;CONCEPCION
3782;MANANTIALES;CORRIENTES;
3782;MBURUCUYA;CORRIENTES;MBURUCUYA
3782;PASO ALEGRE;CORRIENTES;
3782;SALADAS;CORRIENTES;SALADAS
3782;SAN LORENZO;CORRIENTES;SALADAS
3782;SANTA ROSA;CORRIENTES;CONCEPCION
3786;APIPE GRANDE;CORRIENTES;ITUZAINGO
3786;COLONIA SAN ANTONIO;CORRIENTES;
3786;ITUZAINGO;CORRIENTES;ITUZAINGO
3786;VILLA OLIVARI;CORRIENTES;ITUZAINGO
379;CORRIENTES;CORRIENTES;CAPITAL
379;EL SOMBRERO;CORRIENTES;EMPEDRADO
379;EMPEDRADO;CORRIENTES;EMPEDRADO
379;HERLITZKA;CORRIENTES;
379;ITATI;CORRIENTES;ITATI
379;LAGUNA BRAVA;CORRIENTES;CAPITAL
379;MANUEL DERQUI;CORRIENTES;EMPEDRADO
379;PASO DE LA PATRIA;CORRIENTES;SAN COSME
379;RIACHUELO;CORRIENTES;CAPITAL
379;SAN COSME;CORRIENTES;SAN COSME
379;SAN LUIS DEL PALMAR;SAN LUIS;LA CAPITAL
379;SANTA ANA;CORRIENTES;SAN COSME
380;AMANA;LA RIOJA;INDEPENDENCIA
380;EL CANTADERO;LA RIOJA;
380;EL HUACO;LA RIOJA;
380;LA RIOJA;LA RIOJA;CAPITAL
380;PATQUIA;LA RIOJA;INDEPENDENCIA
380;VILLA SANAGASTA;LA RIOJA;SANAGASTA
381;BARRIO 12 DE JUNIO;TUCUMAN;
381;BARRIO CASA ROSADA;TUCUMAN;FAMAILLA
381;BELLA VISTA;TUCUMAN;LEALES
381;COLOMBRES;TUCUMAN;CRUZ ALTA
381;COLONIA LOTE 11;TUCUMAN;
381;DELFIN GALLO;TUCUMAN;CRUZ ALTA
381;EL BRACHO;TUCUMAN;CRUZ ALTA
381;EL CADILLAL;TUCUMAN;TAFI VIEJO
381;EL CHAÑAR;TUCUMAN;BURRUYACU
381;INGENIO LA TRINIDAD;TUCUMAN;CHICLIGASTA
381;LA FLORIDA;TUCUMAN;CRUZ ALTA
381;LA RAMADA;TUCUMAN;BURRUYACU
381;LA REDUCCION;TUCUMAN;LULES
381;LAS BOLSAS;TUCUMAN;
381;LOS GUTIERREZ;TUCUMAN;
381;LOS NOGALES;TUCUMAN;TAFI VIEJO
381;LULES;TUCUMAN;
381;MANUEL GARCIA FERNANDEZ;TUCUMAN;LEALES
381;PACARA;TUCUMAN;CRUZ ALTA
381;RACO;TUCUMAN;TAFI VIEJO
381;SAN ANDRES;TUCUMAN;CRUZ ALTA
381;SAN JAVIER;TUCUMAN;TAFI VIEJO
381;SAN MIGUEL DE TUCUMAN;TUCUMAN;CAPITAL
381;SAN PABLO;TUCUMAN;LULES
381;SIAMBON;TUCUMAN;TAFI VIEJO
381;TAFI VIEJO;TUCUMAN;TAFI VIEJO
381;VILLA CARMELA;TUCUMAN;YERBA BUENA
381;VILLA NOUGUES;TUCUMAN;LULES
3821;CHEPES;LA RIOJA;ROSARIO VERA PENALOZA
3821;DESIDERIO TELO;LA RIOJA;ROSARIO VERA PENALOZA
3821;SAN ANTONIO;LA RIOJA;GENERAL JUAN FACUNDO QUIROGA
3821;ULAPES;LA RIOJA;GENERAL SAN MARTIN
3821;VILLA CASANA;LA RIOJA;
3825;ALTO JAGUE;LA RIOJA;
3825;ANGUINAN;LA RIOJA;CHILECITO
3825;ANGULOS;LA RIOJA;FAMATINA
3825;ANTINACO;LA RIOJA;FAMATINA
3825;CAMPANAS;LA RIOJA;FAMATINA
3825;CARRIZAL OESTE;LA RIOJA;
3825;CHAÑARMUYO;LA RIOJA;FAMATINA
3825;CHILECITO;LA RIOJA;CHILECITO
3825;EL POTRERILLO;LA RIOJA;
3825;FAMATINA;LA RIOJA;FAMATINA
3825;GUANCHIN;LA RIOJA;CHILECITO
3825;GUANDACOL SUR;LA RIOJA;GENERAL FELIPE VARELA
3825;LA CUADRA;LA RIOJA;FAMATINA
3825;LA PUNTILLA;LA RIOJA;
3825;LOS PALACIOS;LA RIOJA;GENERAL FELIPE VARELA
3825;MALLIGASTA;LA RIOJA;CHILECITO
3825;MIRANDA;LA RIOJA;CHILECITO
3825;NONOGASTA;LA RIOJA;CHILECITO
3825;PAGANCILLO;LA RIOJA;GENERAL FELIPE VARELA
3825;PITUIL;LA RIOJA;FAMATINA
3825;POTRERO GRANDE;LA RIOJA;
3825;SAN MIGUEL;LA RIOJA;
3825;SANTA CRUZ;LA RIOJA;FAMATINA
3825;SANTO DOMINGO;LA RIOJA;FAMATINA
3825;SAÑOGASTA;LA RIOJA;CHILECITO
3825;VICHIGASTA;LA RIOJA;CHILECITO
3825;VILLA CASTELLI;LA RIOJA;GENERAL LAMADRID
3825;VILLA UNION;LA RIOJA;GENERAL FELIPE VARELA
3825;VINCHINA;LA RIOJA;VINCHINA
3826;CHAMICAL;LA RIOJA;CHAMICAL
3826;CHAÑAR;LA RIOJA;GENERAL BELGRANO
3826;EL PORTEZUELO;LA RIOJA;GENERAL JUAN FACUNDO QUIROGA
3826;LOMA BLANCA;LA RIOJA;GENERAL BELGRANO
3826;MALANZAN;LA RIOJA;GENERAL JUAN FACUNDO QUIROGA
3826;MILAGRO;LA RIOJA;GENERAL ORTIZ DE OCAMPO
3826;NACATE;LA RIOJA;GENERAL JUAN FACUNDO QUIROGA
3826;OLTA;LA RIOJA;GENERAL BELGRANO
3826;PUNTA DE LOS LLANOS;LA RIOJA;ANGEL VICENTE PENALOZA
3826;SANTA RITA DE CATUNA;LA RIOJA;GENERAL ORTIZ DE OCAMPO
3826;SOLCA;LA RIOJA;
3826;TAMA;LA RIOJA;ANGEL VICENTE PENALOZA
3827;AIMOGASTA;LA RIOJA;ARAUCO
3827;AMINGA;LA RIOJA;CASTRO BARROS
3827;ANILLACO;LA RIOJA;CASTRO BARROS
3827;ASPASINCHE;LA RIOJA;
3827;BAÑADO DE LOS PANTANOS;LA RIOJA;ARAUCO
3827;CUIPAN;LA RIOJA;
3827;CHUQUIS;LA RIOJA;CASTRO BARROS
3827;ESTACION MAZAN;LA RIOJA;ARAUCO
3827;LOS MOLINOS;LA RIOJA;CASTRO BARROS
3827;LOS ROBLES;LA RIOJA;
3827;PINCHAS;LA RIOJA;CASTRO BARROS
3827;SALICAS;LA RIOJA;SAN BLAS DE LOS SAUCES
3827;SAN PEDRO;LA RIOJA;CASTRO BARROS
3827;SCHAQUI;LA RIOJA;
3827;SURIYACO;LA RIOJA;
3827;VILLA MAZAN;LA RIOJA;ARAUCO
383;ALIJILAN;CATAMARCA;SANTA ROSA
383;AMADORES;CATAMARCA;PACLIN
383;BALCOZNA;CATAMARCA;PACLIN
383;BAÑADO DE OVANTA;CATAMARCA;SANTA ROSA
383;CAPAYAN;CATAMARCA;CAPAYAN
383;SAN FDO DEL VALLE DE CATAMARCA;CATAMARCA;
383;COLONIA DEL VALLE;CATAMARCA;CAPAYAN
383;COLONIA NUEVA CONETA;CATAMARCA;CAPAYAN
383;COLPES;CATAMARCA;POMAN
383;COLLAGASTA;CATAMARCA;FRAY MAMERTO ESQUIU
383;CONCEPCION OESTE;CATAMARCA;CAPAYAN
383;CONETA;CATAMARCA;CAPAYAN
383;CHUMBICHA;CATAMARCA;CAPAYAN
383;EL ALTO;CATAMARCA;EL ALTO
383;EL PANTANILLO;CATAMARCA;
383;EL PORTEZUELO;CATAMARCA;VALLE VIEJO
383;EL RODEO;CATAMARCA;AMBATO
383;GUAYAMBA;CATAMARCA;EL ALTO
383;HUAYCAMA;CATAMARCA;VALLE VIEJO
383;HUILLAPIMA;CATAMARCA;CAPAYAN
383;INFANZON;CATAMARCA;EL ALTO
383;LA BAJADA;CATAMARCA;ANCASTI
383;LA CARRERA;CATAMARCA;
383;LA HIGUERA;CATAMARCA;PACLIN
383;LA MERCED;CATAMARCA;PACLIN
383;LA PUERTA;CATAMARCA;AMBATO
383;LAS JUNTAS;CATAMARCA;BELEN
383;LAS LAJAS;CATAMARCA;PACLIN
383;LAS PIRQUITAS;CATAMARCA;FRAY MAMERTO ESQUIU
383;LAS TEJAS DE ABAJO;CATAMARCA;VALLE VIEJO
383;LOS ALTOS;CATAMARCA;SANTA ROSA
383;LOS ANGELES;CATAMARCA;CAPAYAN
383;LOS CASTILLOS;CATAMARCA;AMBATO
383;LOS TALAS;CATAMARCA;AMBATO
383;MANANTIALES;CATAMARCA;SANTA ROSA
383;MIRAFLORES;CATAMARCA;CAPAYAN
383;MONTE POTRERO;CATAMARCA;PACLIN
383;NUEVA CONETA;CATAMARCA;CAPAYAN
383;PALO LABRADO;CATAMARCA;PACLIN
383;POMANCILLO;CATAMARCA;FRAY MAMERTO ESQUIU
383;SAN ANTONIO PACLIN;CATAMARCA;PACLIN
383;SAN JOSE;CATAMARCA;BELEN
383;SAN PABLO;CATAMARCA;CAPAYAN
383;SAN PEDRO;CATAMARCA;CAPAYAN
383;SAN PEDRO DE CAPAYAN;CATAMARCA;CAPAYAN
383;VILLISMAN;CATAMARCA;EL ALTO
3832;ANCASTI;CATAMARCA;ANCASTI
3832;ANQUINCILLA;CATAMARCA;ANCASTI
3832;BALDE DE LA PUNTA;CATAMARCA;
3832;CANDELARIA;CATAMARCA;ANCASTI
3832;CASA DE PIEDRA;CATAMARCA;LA PAZ
3832;EL AYBAL;CATAMARCA;LA PAZ
3832;EL DIVISADERO;CATAMARCA;LA PAZ
3832;ESQUIU;CATAMARCA;LA PAZ
3832;ICAÑO;CATAMARCA;LA PAZ
3832;LA DORADA;CATAMARCA;LA PAZ
3832;LA GUARDIA;CATAMARCA;LA PAZ
3832;LA MAJADA;CATAMARCA;ANCASTI
3832;LAS ESQUINAS;CATAMARCA;VALLE VIEJO
3832;QUIROS;CATAMARCA;LA PAZ
3832;RECREO;CATAMARCA;LA PAZ
3832;SAN ANTONIO;CATAMARCA;PACLIN
3832;SAN ANTONIO DE LA PAZ;CATAMARCA;PACLIN
3832;SAN ANTONIO SUR;CATAMARCA;PACLIN
3832;SAN MARTIN;CATAMARCA;CAPAYAN
3835;AMANAO;CATAMARCA;ANDALGALA
3835;ANDALGALA;CATAMARCA;ANDALGALA
3835;ANTOFAGASTA DE LA SIERRA;CATAMARCA;ANTOFAGASTA DE LA SIERRA
3835;BAJO LA ALUMBRERA;CATAMARCA;
3835;BARRANCA LARGA;CATAMARCA;BELEN
3835;BELEN;CATAMARCA;BELEN
3835;BUENA VISTA;CATAMARCA;
3835;COLANA;CATAMARCA;POMAN
3835;COLPES;CATAMARCA;POMAN
3835;CORRAL QUEMADO;CATAMARCA;BELEN
3835;CHAQUIAGO;CATAMARCA;ANDALGALA
3835;CHOYA;CATAMARCA;ANDALGALA
3835;EL ALAMITO;CATAMARCA;ANDALGALA
3835;EL BOLSON;CATAMARCA;AMBATO
3835;EL LINDERO;CATAMARCA;ANDALGALA
3835;EL PAJONAL;CATAMARCA;POMAN
3835;EL PEÑON;CATAMARCA;ANTOFAGASTA DE LA SIERRA
3835;EL POTRERO;CATAMARCA;ANDALGALA
3835;HUALFIN;CATAMARCA;BELEN
3835;JACIPUNCO;CATAMARCA;BELEN
3835;JOYANGO;CATAMARCA;
3835;LA AGUADA;CATAMARCA;
3835;LAS CHACRITAS;CATAMARCA;AMBATO
3835;LONDRES;CATAMARCA;BELEN
3835;LOS NACIMIENTOS;CATAMARCA;BELEN
3835;LOS VARELA;CATAMARCA;AMBATO
3835;MINA FARALLON NEGRO;CATAMARCA;BELEN
3835;MINERA DEL ALTIPLANO;CATAMARCA;
3835;MUTQUIN;CATAMARCA;POMAN
3835;POMAN;CATAMARCA;POMAN
3835;PUERTA DEL CORRAL QUEMADO;CATAMARCA;BELEN
3835;RINCON;CATAMARCA;POMAN
3835;ROSARIO DE COLANA;CATAMARCA;
3835;SAN FERNANDO;CATAMARCA;BELEN
3835;SAN MIGUEL;CATAMARCA;POMAN
3835;SAUJIL;CATAMARCA;TINOGASTA
3835;SIJAN;CATAMARCA;POMAN
3835;SINGUIL;CATAMARCA;AMBATO
3835;TATON;CATAMARCA;
3835;VILLA VILL;CATAMARCA;BELEN
3837;COPACABANA;CATAMARCA;TINOGASTA
3837;EL DURAZNO OESTE;CATAMARCA;BELEN
3837;EL PUEBLITO;CATAMARCA;
3837;FIAMBALA;CATAMARCA;TINOGASTA
3837;LA GRUTA;CATAMARCA;
3837;LAS CORTADERAS;CATAMARCA;
3837;MEDANITOS;CATAMARCA;TINOGASTA
3837;PALO BLANCO;CATAMARCA;TINOGASTA
3837;PUNTA DEL AGUA;CATAMARCA;
3837;SAUJIL;CATAMARCA;TINOGASTA
3837;TINOGASTA;CATAMARCA;TINOGASTA
3838;EL CAJON;CATAMARCA;SANTA MARIA
3838;LA HOYADA;CATAMARCA;SANTA MARIA
3838;SAN JOSE NORTE;CATAMARCA;
3838;SANTA MARIA;CATAMARCA;SANTA MARIA
3841;MONTE QUEMADO;SANTIAGO DEL ESTERO;COPO
3841;PAMPA DE LOS GUANACOS;SANTIAGO DEL ESTERO;COPO
3841;SACHAYOJ;SANTIAGO DEL ESTERO;ALBERDI
3843;QUIMILI;SANTIAGO DEL ESTERO;MORENO
3844;AÑATUYA;SANTIAGO DEL ESTERO;GENERAL TABOADA
3844;COLONIA DORA;SANTIAGO DEL ESTERO;AVELLANEDA
3844;HERRERA;SANTIAGO DEL ESTERO;AVELLANEDA
3844;ICAÑO;SANTIAGO DEL ESTERO;AVELLANEDA
3844;LUGONES;SANTIAGO DEL ESTERO;AVELLANEDA
3844;MAILIN;SANTIAGO DEL ESTERO;AVELLANEDA
3844;REAL SAYANA;SANTIAGO DEL ESTERO;AVELLANEDA
3844;TACAÑITAS;SANTIAGO DEL ESTERO;GENERAL TABOADA
3845;BREA POZO;SANTIAGO DEL ESTERO;SAN MARTIN
3845;ESTACION ATAMISQUI;SANTIAGO DEL ESTERO;ATAMISQUI
3845;MEDELLIN;SANTIAGO DEL ESTERO;ATAMISQUI
3845;NUEVA FRANCIA;SANTIAGO DEL ESTERO;SILIPICA
3845;VILLA ATAMISQUI;SANTIAGO DEL ESTERO;ATAMISQUI
3845;VILLA NUEVA;SANTIAGO DEL ESTERO;SAN MARTIN
3845;VILLA SAN MARTIN;SANTIAGO DEL ESTERO;LORETO
3846;CAMPO GALLO;SANTIAGO DEL ESTERO;ALBERDI
3846;TINTINA;SANTIAGO DEL ESTERO;MORENO
385;ANTAJE;SANTIAGO DEL ESTERO;BANDA
385;ARRAGA;SANTIAGO DEL ESTERO;SILIPICA
385;BELTRAN;SANTIAGO DEL ESTERO;ROBLES
385;CAÑADA ESCOBAR;SANTIAGO DEL ESTERO;BANDA
385;CLODOMIRA;SANTIAGO DEL ESTERO;BANDA
385;CHAUCHILLAS;SANTIAGO DEL ESTERO;RIO HONDO
385;EL ZANJON;SANTIAGO DEL ESTERO;CAPITAL
385;FERNANDEZ;SANTIAGO DEL ESTERO;ROBLES
385;FORRES;SANTIAGO DEL ESTERO;ROBLES
385;LA AURORA;SANTIAGO DEL ESTERO;BANDA
385;LOS NUÑEZ;SANTIAGO DEL ESTERO;RIO HONDO
385;LOS QUIROGA;SANTIAGO DEL ESTERO;BANDA
385;LOS SORIA;SANTIAGO DEL ESTERO;BANDA
385;MACO;SANTIAGO DEL ESTERO;CAPITAL
385;MAQUITO;SANTIAGO DEL ESTERO;CAPITAL
385;SANTA MARIA;SANTIAGO DEL ESTERO;CAPITAL
385;SANTIAGO DEL ESTERO;SANTIAGO DEL ESTERO;CAPITAL
385;SIMBOL;SANTIAGO DEL ESTERO;SILIPICA
385;SIMBOLAR;SANTIAGO DEL ESTERO;BANDA
385;TRAMO 16;SANTIAGO DEL ESTERO;BANDA
385;TRAMO 20;SANTIAGO DEL ESTERO;BANDA
385;VILMER;SANTIAGO DEL ESTERO;ROBLES
385;VUELTA DE LA BARRANCA;SANTIAGO DEL ESTERO;CAPITAL
385;YANDA;SANTIAGO DEL ESTERO;CAPITAL
3854;ANCAJAN;SANTIAGO DEL ESTERO;CHOYA
3854;CHOYA;SANTIAGO DEL ESTERO;CHOYA
3854;FRIAS;SANTIAGO DEL ESTERO;CHOYA
3854;GENERAL LAVALLE;SANTIAGO DEL ESTERO;GUASAYAN
3854;LAS PALOMITAS;SANTIAGO DEL ESTERO;
3854;SAN PEDRO;SANTIAGO DEL ESTERO;JIMENEZ
3854;TAPSO;CATAMARCA;EL ALTO
3855;BANDERA BAJADA;SANTIAGO DEL ESTERO;FIGUEROA
3855;CASPI CORRAL;SANTIAGO DEL ESTERO;FIGUEROA
3855;COLONIA EL SIMBOLAR;SANTIAGO DEL ESTERO;ROBLES
3855;GARZA;SANTIAGO DEL ESTERO;SARMIENTO
3855;KILOMETRO 30;SANTIAGO DEL ESTERO;FIGUEROA
3855;MATARA;SANTIAGO DEL ESTERO;JUAN FELIPE IBARRA
3855;MINERVA;SANTIAGO DEL ESTERO;FIGUEROA
3855;SUNCHO CORRAL;SANTIAGO DEL ESTERO;JUAN FELIPE IBARRA
3856;LOS TELARES;SANTIAGO DEL ESTERO;SALAVINA
3856;OJO DE AGUA;SANTIAGO DEL ESTERO;OJO DE AGUA
3856;SALAVINA;SANTIAGO DEL ESTERO;SALAVINA
3856;SUMAMPA;SANTIAGO DEL ESTERO;QUEBRACHOS
3857;BANDERA;SANTIAGO DEL ESTERO;BELGRANO
3857;COLONIA ALPINA;SANTIAGO DEL ESTERO;RIVADAVIA
3857;GUARDIA ESCOLTA;SANTIAGO DEL ESTERO;BELGRANO
3857;LOS JURIES;SANTIAGO DEL ESTERO;GENERAL TABOADA
3857;MALBRAN;SANTIAGO DEL ESTERO;AGUIRRE
3857;PALO NEGRO;SANTIAGO DEL ESTERO;RIVADAVIA
3857;PINTO;SANTIAGO DEL ESTERO;
3857;SELVA;SANTIAGO DEL ESTERO;RIVADAVIA
3858;COLONIA TINCO;SANTIAGO DEL ESTERO;RIO HONDO
3858;EL CHARCO;SANTIAGO DEL ESTERO;RIO HONDO
3858;LA DONOSA;SANTIAGO DEL ESTERO;
3858;MANSUPA;SANTIAGO DEL ESTERO;RIO HONDO
3858;POZO HONDO;SANTIAGO DEL ESTERO;JIMENEZ
3858;POZUELOS;SANTIAGO DEL ESTERO;RIO HONDO
3858;TERMAS DE RIO HONDO;SANTIAGO DEL ESTERO;RIO HONDO
3858;VILLA RIO HONDO;SANTIAGO DEL ESTERO;RIO HONDO
3858;VINARA;SANTIAGO DEL ESTERO;RIO HONDO
3861;ARENALES;SANTIAGO DEL ESTERO;
3861;BOBADAL;SANTIAGO DEL ESTERO;JIMENEZ
3861;EL MOJON;SANTIAGO DEL ESTERO;PELLEGRINI
3861;NUEVA ESPERANZA;SANTIAGO DEL ESTERO;PELLEGRINI
3861;POZO BETBEDER;SANTIAGO DEL ESTERO;PELLEGRINI
3861;RAPELLI;SANTIAGO DEL ESTERO;PELLEGRINI
3861;SANTO DOMINGO;SANTIAGO DEL ESTERO;PELLEGRINI
3862;CHOROMORO;TUCUMAN;TRANCAS
3862;GONZALO;TUCUMAN;
3862;NORCO;TUCUMAN;
3862;SAN PEDRO DE COLALAO;TUCUMAN;TRANCAS
3862;TRANCAS;TUCUMAN;TRANCAS
3863;ACHERAL;TUCUMAN;MONTEROS
3863;FAMAILLA;TUCUMAN;FAMAILLA
3863;INDEPENDENCIA;TUCUMAN;MONTEROS
3863;LEALES;TUCUMAN;LEALES
3863;MONTEROS;TUCUMAN;MONTEROS
3863;PUEBLO VIEJO;TUCUMAN;
3863;RIO COLORADO;TUCUMAN;LEALES
3863;RIO SECO;TUCUMAN;MONTEROS
3863;SANTA LUCIA;TUCUMAN;MONTEROS
3863;SANTA ROSA DE LEALES;TUCUMAN;LEALES
3863;SIMOCA;TUCUMAN;SIMOCA
3863;VILLA FIAD;TUCUMAN;LEALES
3863;VILLA QUINTEROS;TUCUMAN;MONTEROS
3865;AGUILARES;TUCUMAN;RIO CHICO
3865;ALPACHIRI;TUCUMAN;CHICLIGASTA
3865;ALTO VERDE;TUCUMAN;CHICLIGASTA
3865;ARCADIA;TUCUMAN;CHICLIGASTA
3865;COLONIA NUEVA TRINIDAD;TUCUMAN;SIMOCA
3865;CONCEPCION;TUCUMAN;CHICLIGASTA
3865;ESCABA DE ABAJO;TUCUMAN;
3865;JUAN BAUTISTA ALBERDI;TUCUMAN;JUAN BAUTISTA ALBERDI
3865;LA COCHA;TUCUMAN;LA COCHA
3865;LA TRINIDAD;TUCUMAN;CHICLIGASTA
3865;LOS SARMIENTOS;TUCUMAN;RIO CHICO
3865;PUEBLO VIEJO;TUCUMAN;
3865;SANTA ANA;TUCUMAN;RIO CHICO
3865;VILLA BELGRANO;TUCUMAN;JUAN BAUTISTA ALBERDI
3867;EL MOLLAR;TUCUMAN;TAFI DEL VALLE
3867;TAFI DEL VALLE;TUCUMAN;TAFI DEL VALLE
3868;ANGASTACO;SALTA;SAN CARLOS
3868;ANIMAMA;SALTA;SAN CARLOS
3868;CACHI;SALTA;CACHI
3868;CAFAYATE;SALTA;CAFAYATE
3868;EL BARRIAL;SALTA;SAN CARLOS
3868;FINCA PALERMO;SALTA;
3868;LA PAYA;SALTA;
3868;LURACATAO;SALTA;
3868;MOLINOS;SALTA;MOLINOS
3868;PAYOGASTA;SALTA;CACHI
3868;SAN CARLOS;SALTA;SAN CARLOS
3868;SECLANTAS;SALTA;MOLINOS
3868;TOLOMBON;SALTA;CAFAYATE
3869;ESTACION ARAOZ;TUCUMAN;LEALES
3869;LAS CEJAS;TUCUMAN;CRUZ ALTA
3869;LOS RALOS;TUCUMAN;CRUZ ALTA
3869;PALA PALA;TUCUMAN;LEALES
3869;QUILMES;TUCUMAN;
3869;RANCHILLOS;TUCUMAN;CRUZ ALTA
3869;VILLA RESCATE;TUCUMAN;
387;ATOCHA;SALTA;CAPITAL
387;CAMPO QUIJANO;SALTA;ROSARIO DE LERMA
387;CAMPO SANTO;SALTA;GENERAL GUEMES
387;CERRILLOS;SALTA;CERRILLOS
387;COBOS;SALTA;GENERAL GUEMES
387;CORONEL MOLDES;SALTA;LA VINA
387;CHICOANA;SALTA;CHICOANA
387;EL CARRIL;SALTA;CHICOANA
387;GUACHIPAS;SALTA;GUACHIPAS
387;GUEMES;SALTA;GENERAL GUEMES
387;INGENIERO MAURY;SALTA;
387;LA CALDERA;SALTA;LA CALDERA
387;LA CALDERILLA;SALTA;LA CALDERA
387;LA CIENAGA;SALTA;CAPITAL
387;LA MERCED;SALTA;RIVADAVIA
387;LA SILLETA;SALTA;ROSARIO DE LERMA
387;LA VINA;SALTA;LA VINA
387;LAS COSTAS;SALTA;CAPITAL
387;LOS ALAMOS;SALTA;CERRILLOS
387;MINA SIJES;SALTA;
387;MINA TINCALAYU;SALTA;
387;OLACAPATO;SALTA;LOS ANDES
387;PASO DE SICO;SALTA;
387;ROSARIO DE LERMA;SALTA;ROSARIO DE LERMA
387;SALAR DE POCITOS;SALTA;LOS ANDES
387;SALTA;SALTA;CAPITAL
387;SAN AGUSTIN;SALTA;CERRILLOS
387;SAN ANTONIO DE LOS COBRES;SALTA;LOS ANDES
387;SAN LORENZO;SALTA;ROSARIO DE LA FRONTERA
387;SAN LUIS;SALTA;
387;TOLAR GRANDE;SALTA;LOS ANDES
387;TRES POZOS;SALTA;
387;VAQUEROS;SALTA;LA CALDERA
3873;AGUARAY;SALTA;GENERAL JOSE DE SAN MARTIN
3873;ALTO DE LA SIERRA;SALTA;RIVADAVIA
3873;CAMPAMENTO VESPUCIO;SALTA;GENERAL JOSE DE SAN MARTIN
3873;CAPIAZUTI;SALTA;GENERAL JOSE DE SAN MARTIN
3873;CORONEL CORNEJO;SALTA;GENERAL JOSE DE SAN MARTIN
3873;GENERAL ENRIQUE MOSCONI;SALTA;
3873;SALVADOR MAZZA;SALTA;GENERAL JOSE DE SAN MARTIN
3873;SANTA MARIA;SALTA;RIVADAVIA
3873;SANTA VICTORIA ESTE;SALTA;RIVADAVIA
3873;TARTAGAL;SALTA;GENERAL JOSE DE SAN MARTIN
3873;TOBANTIRENDA;SALTA;GENERAL JOSE DE SAN MARTIN
3873;YACUI;SALTA;
3876;ANTILLA;SALTA;ROSARIO DE LA FRONTERA
3876;EL GALPON;SALTA;METAN
3876;EL JARDIN;SALTA;LA CANDELARIA
3876;EL TALA;SALTA;LA CANDELARIA
3876;LA CANDELARIA;SALTA;LA CANDELARIA
3876;METAN;SALTA;
3876;RIO PIEDRAS;SALTA;METAN
3876;ROSARIO DE LA FRONTERA;SALTA;ROSARIO DE LA FRONTERA
3876;SAN FELIPE;SALTA;ROSARIO DE LA FRONTERA
3877;APOLINARIO SARAVIA;SALTA;ANTA
3877;CEIBALITO;SALTA;ANTA
3877;CENTRO 25 DE JUNIO;SALTA;ANTA
3877;CORONEL MOLLINEDO;SALTA;ANTA
3877;EL QUEBRACHAL;SALTA;ANTA
3877;GAONA;SALTA;ANTA
3877;GENERAL PIZARRO;SALTA;ANTA
3877;JOAQUIN V. GONZALEZ;SALTA;ANTA
3877;LAS LAJITAS;SALTA;ANTA
3877;LUIS BURELA;SALTA;ANTA
3877;NUESTRA SEÑORA DE TALAVERA;SALTA;ANTA
3877;PIQUETE CABADO;SALTA;ANTA
3877;RIO DEL VALLE;SALTA;ANTA
3877;TACO POZO;CHACO;ALMIRANTE BROWN
3878;AGUAS BLANCAS;SALTA;ORAN
3878;CAMPICHUELO;SALTA;GENERAL JOSE DE SAN MARTIN
3878;COLONIA SANTA ROSA;SALTA;ORAN
3878;CORONEL JUAN SOLA;SALTA;RIVADAVIA
3878;DRAGONES;SALTA;GENERAL JOSE DE SAN MARTIN
3878;EMBARCACION;SALTA;GENERAL JOSE DE SAN MARTIN
3878;GENERAL BALLIVIAN;SALTA;GENERAL JOSE DE SAN MARTIN
3878;HIPOLITO YRIGOYEN;SALTA;ORAN
3878;ISLA DE CANA;SALTA;IRUYA
3878;LA QUENA;SALTA;
3878;LA UNION;SALTA;RIVADAVIA
3878;LOS BLANCOS;SALTA;RIVADAVIA
3878;LOS TOLDOS;SALTA;SANTA VICTORIA
3878;MISION CHAQUEÑA;SALTA;GENERAL JOSE DE SAN MARTIN
3878;ORAN;SALTA;
3878;PADRE LOZANO;SALTA;GENERAL JOSE DE SAN MARTIN
3878;PICHANAL;SALTA;ORAN
3878;PLUMA DE PATO;SALTA;RIVADAVIA
3878;RIVADAVIA;SALTA;RIVADAVIA
3878;URUNDEL;SALTA;ORAN
388;AGUA CALIENTE;JUJUY;EL CARMEN
388;ALTO COMEDERO;JUJUY;
388;BARCENA;JUJUY;TUMBAYA
388;BARRIO LA UNION;JUJUY;EL CARMEN
388;EL CARMEN;JUJUY;EL CARMEN
388;EL MORENO;JUJUY;TUMBAYA
388;JUELLA;JUJUY;TILCARA
388;LAS MADERAS;JUJUY;
388;LEON;JUJUY;DOCTOR MANUEL BELGRANO
388;LOS ALISOS;JUJUY;SAN ANTONIO
388;LOS LAPACHOS - EST. MAQUINISTA VERON;JUJUY;EL CARMEN
388;LOS MANANTIALES;JUJUY;EL CARMEN
388;MAIMARA;JUJUY;TILCARA
388;MINA NUEVE DE OCTUBRE;JUJUY;
388;MONTERRICO;JUJUY;EL CARMEN
388;PALPALA;JUJUY;PALPALA
388;PAMPA BLANCA;JUJUY;EL CARMEN
388;PERICO;JUJUY;EL CARMEN
388;POSTA DE LOZANO;JUJUY;
388;PUESTO VIEJO;JUJUY;EL CARMEN
388;PURMAMARCA;JUJUY;TUMBAYA
388;REYES;JUJUY;
388;SAN ANTONIO;JUJUY;SAN PEDRO
388;SAN JUANCITO SUR;SAN JUAN;CAPITAL
388;SAN SALVADOR DE JUJUY;JUJUY;DOCTOR MANUEL BELGRANO
388;SANTO DOMINGO;JUJUY;RINCONADA
388;TERMAS DE REYES;JUJUY;
388;TILCARA;JUJUY;TILCARA
388;TUMBAYA;JUJUY;TUMBAYA
388;VOLCAN;JUJUY;TUMBAYA
388;YALA;JUJUY;DOCTOR MANUEL BELGRANO
3885;CASIRA;JUJUY;SANTA CATALINA
3885;CIENAGA GRANDE;JUJUY;
3885;CUSI CUSI;JUJUY;SANTA CATALINA
3885;EL ANGOSTO;JUJUY;SANTA CATALINA
3885;LA QUIACA;JUJUY;YAVI
3885;MINA PAN DE AZUCAR;JUJUY;
3885;MINA PIRQUITA;JUJUY;RINCONADA
3885;NAZARENO;JUJUY;
3885;ORATORIO;JUJUY;SANTA CATALINA
3885;RINCONADA;JUJUY;RINCONADA
3885;SAN JUAN DE MISA RUMI;SAN JUAN;CAPITAL
3885;SANTA VICTORIA OESTE;JUJUY;
3885;YAVI;JUJUY;YAVI
3886;CAIMANCITO;JUJUY;LEDESMA
3886;CALILEGUA;JUJUY;LEDESMA
3886;CHALICAN;JUJUY;LEDESMA
3886;EL TALAR;JUJUY;SANTA BARBARA
3886;FRAILE PINTADO;JUJUY;LEDESMA
3886;LIBERTADOR GENERAL SAN MARTIN;JUJUY;LEDESMA
3886;MAIZ NEGRO;JUJUY;
3886;PALMA SOLA;JUJUY;SANTA BARBARA
3886;PAMPICHUELA;JUJUY;VALLE GRANDE
3886;SAN FRANCISCO;JUJUY;VALLE GRANDE
3886;VALLE GRANDE;JUJUY;VALLE GRANDE
3886;VIÑALITO;JUJUY;SANTA BARBARA
3886;YUTO;JUJUY;LEDESMA
3887;ABRA PAMPA;JUJUY;COCHINOCA
3887;ABRALAITE;JUJUY;COCHINOCA
3887;CATUA;JUJUY;SUSQUES
3887;COCTACA;JUJUY;HUMAHUACA
3887;CONDOR;JUJUY;YAVI
3887;CORANZULI;JUJUY;SUSQUES
3887;EL AGUILAR;JUJUY;HUMAHUACA
3887;HIPOLITO YRIGOYEN;JUJUY;HUMAHUACA
3887;HUANCAR;JUJUY;SUSQUES
3887;HUMAHUACA;JUJUY;HUMAHUACA
3887;IRUYA;JUJUY;
3887;OLAROZ CHICO;JUJUY;SUSQUES
3887;PASO DE JAMA;JUJUY;
3887;PASTOS CHICOS;JUJUY;SUSQUES
3887;PUEBLO VIEJO;JUJUY;
3887;SAN JUAN DE QUILLAQUES;SAN JUAN;CAPITAL
3887;SANTA ANA;JUJUY;VALLE GRANDE
3887;SUSQUES;JUJUY;SUSQUES
3887;TRES CRUCES;JUJUY;HUMAHUACA
3887;TUSAQUILLA;JUJUY;COCHINOCA
3887;UQUIA;JUJUY;
3887;VALLE COLORADO;JUJUY;VALLE GRANDE
3888;AGUA CALIENTE;JUJUY;EL CARMEN
3888;ARRAYANAL;JUJUY;SAN PEDRO
3888;BARRO NEGRO;JUJUY;SAN PEDRO
3888;DON EMILIO;JUJUY;SAN PEDRO
3888;EL FUERTE;JUJUY;SANTA BARBARA
3888;EL HACHERAL;JUJUY;SAN PEDRO
3888;EL PIQUETE;JUJUY;SANTA BARBARA
3888;EL PUESTO;JUJUY;SAN PEDRO
3888;INGENIO LA ESPERANZA;JUJUY;
3888;LA MANGA;JUJUY;SAN PEDRO
3888;LA MENDIETA;JUJUY;SAN PEDRO
3888;LAS PAMPITAS;JUJUY;EL CARMEN
3888;LOTE PALOS BLANCOS;JUJUY;SAN PEDRO
3888;MIRAFLORES;JUJUY;SAN PEDRO
3888;PARAPETI;JUJUY;SAN PEDRO
3888;PIEDRITAS;JUJUY;SAN PEDRO
3888;PUENTE LAVAYEN;JUJUY;SANTA BARBARA
3888;SAN ANTONIO;JUJUY;SAN PEDRO
3888;SAN PEDRO;JUJUY;SAN PEDRO
3888;SANTA CLARA;JUJUY;SANTA BARBARA
3891;GRANEROS;TUCUMAN;GRANEROS
3891;LA MADRID;TUCUMAN;GRANEROS
3891;MONTEAGUDO;TUCUMAN;SIMOCA
3891;TACO RALO;TUCUMAN;GRANEROS
3892;AMAICHA DEL VALLE;TUCUMAN;TAFI DEL VALLE
3892;ANCAJULI;TUCUMAN;
3892;COLALAO DEL VALLE;TUCUMAN;TAFI DEL VALLE
3894;BURRUYACU;TUCUMAN;BURRUYACU
3894;CHORRILLOS;TUCUMAN;
3894;GOBERNADOR GARMENDIA;TUCUMAN;BURRUYACU
3894;LAGUNA DE ROBLES;TUCUMAN;
3894;RIO DEL NIO;TUCUMAN;
3894;VILLA BENJAMIN ARAOZ;TUCUMAN;BURRUYACU
